<?xml version="1.0" encoding="UTF-8"?>
<GenRun Id="synth_1" LaunchPart="xc7z020clg400-1" LaunchTime="1596166905">
  <File Type="PA-TCL" Name="system_wrapper.tcl"/>
  <File Type="RDS-PROPCONSTRS" Name="system_wrapper_drc_synth.rpt"/>
  <File Type="REPORTS-TCL" Name="system_wrapper_reports.tcl"/>
  <File Type="RDS-RDS" Name="system_wrapper.vds"/>
  <File Type="RDS-UTIL" Name="system_wrapper_utilization_synth.rpt"/>
  <File Type="RDS-UTIL-PB" Name="system_wrapper_utilization_synth.pb"/>
  <File Type="RDS-DCP" Name="system_wrapper.dcp"/>
  <File Type="VDS-TIMINGSUMMARY" Name="system_wrapper_timing_summary_synth.rpt"/>
  <File Type="VDS-TIMING-PB" Name="system_wrapper_timing_summary_synth.pb"/>
  <FileSet Name="sources" Type="DesignSrcs" RelSrcDir="$PSRCDIR/sources_1">
    <Filter Type="Srcs"/>
    <File Path="$PSRCDIR/sources_1/bd/system/system.bd">
      <FileInfo>
        <Attr Name="UsedIn" Val="synthesis"/>
        <Attr Name="UsedIn" Val="implementation"/>
        <Attr Name="UsedIn" Val="simulation"/>
      </FileInfo>
    </File>
    <File Path="$PSRCDIR/sources_1/bd/system/hdl/system_wrapper.v">
      <FileInfo>
        <Attr Name="UsedIn" Val="synthesis"/>
        <Attr Name="UsedIn" Val="implementation"/>
        <Attr Name="UsedIn" Val="simulation"/>
      </FileInfo>
    </File>
    <File Path="$PSRCDIR/sources_1/bd/system/ip/system_axi_wave_generator_0_0/src/dist_mem_gen_saw_1/sawtooth_wave.coe">
      <FileInfo>
        <Attr Name="UsedIn" Val="synthesis"/>
        <Attr Name="UsedIn" Val="simulation"/>
      </FileInfo>
    </File>
    <File Path="$PSRCDIR/sources_1/bd/system/ip/system_axi_wave_generator_0_0/src/dist_mem_gen_noi_1/noise.coe">
      <FileInfo>
        <Attr Name="UsedIn" Val="synthesis"/>
        <Attr Name="UsedIn" Val="simulation"/>
      </FileInfo>
    </File>
    <File Path="$PSRCDIR/sources_1/bd/system/ip/system_axi_wave_generator_0_0/src/dist_mem_gen_squ_1/square_wave.coe">
      <FileInfo>
        <Attr Name="UsedIn" Val="synthesis"/>
        <Attr Name="UsedIn" Val="simulation"/>
      </FileInfo>
    </File>
    <File Path="$PSRCDIR/sources_1/bd/system/ip/system_axi_wave_generator_0_0/src/dist_mem_gen_tri_1/triangular_wave.coe">
      <FileInfo>
        <Attr Name="UsedIn" Val="synthesis"/>
        <Attr Name="UsedIn" Val="simulation"/>
      </FileInfo>
    </File>
    <File Path="$PSRCDIR/sources_1/bd/system/ip/system_axi_wave_generator_0_0/src/dist_mem_gen_sin_1/sine_wave.coe">
      <FileInfo>
        <Attr Name="UsedIn" Val="synthesis"/>
        <Attr Name="UsedIn" Val="simulation"/>
      </FileInfo>
    </File>
    <Config>
      <Option Name="DesignMode" Val="RTL"/>
      <Option Name="TopModule" Val="system_wrapper"/>
      <Option Name="TopAutoSet" Val="TRUE"/>
    </Config>
  </FileSet>
  <FileSet Name="constrs_in" Type="Constrs" RelSrcDir="$PSRCDIR/constrs_1">
    <Filter Type="Constrs"/>
    <File Path="$PSRCDIR/constrs_1/new/top.xdc">
      <FileInfo>
        <Attr Name="UsedIn" Val="synthesis"/>
        <Attr Name="UsedIn" Val="implementation"/>
      </FileInfo>
    </File>
    <Config>
      <Option Name="TargetConstrsFile" Val="$PSRCDIR/constrs_1/new/top.xdc"/>
      <Option Name="ConstrsType" Val="XDC"/>
    </Config>
  </FileSet>
  <FileSet Name="utils" Type="Utils" RelSrcDir="$PSRCDIR/utils_1">
    <Filter Type="Utils"/>
    <Config>
      <Option Name="TopAutoSet" Val="TRUE"/>
    </Config>
  </FileSet>
  <Strategy Version="1" Minor="2">
    <StratHandle Name="Vivado Synthesis Defaults" Flow="Vivado Synthesis 2019"/>
    <Step Id="synth_design"/>
  </Strategy>
  <BlockFileSet Type="BlockSrcs" Name="system_axi_gpio_0_0"/>
  <BlockFileSet Type="BlockSrcs" Name="system_processing_system7_0_0"/>
  <BlockFileSet Type="BlockSrcs" Name="system_audio_codec_ctrl_0_0"/>
  <BlockFileSet Type="BlockSrcs" Name="system_axi_wave_generator_0_0"/>
  <BlockFileSet Type="BlockSrcs" Name="system_xbar_0"/>
  <BlockFileSet Type="BlockSrcs" Name="system_rst_ps7_0_100M_0"/>
</GenRun>
