<?xml version="1.0" encoding="UTF-8"?>
<spirit:component xmlns:xilinx="http://www.xilinx.com" xmlns:spirit="http://www.spiritconsortium.org/XMLSchema/SPIRIT/1685-2009" xmlns:xsi="http://www.w3.org/2001/XMLSchema-instance">
  <spirit:vendor>xilinx.com</spirit:vendor>
  <spirit:library>customized_ip</spirit:library>
  <spirit:name>system_axi_wave_generator_0_0</spirit:name>
  <spirit:version>1.0</spirit:version>
  <spirit:busInterfaces>
    <spirit:busInterface>
      <spirit:name>S00_AXI</spirit:name>
      <spirit:busType spirit:vendor="xilinx.com" spirit:library="interface" spirit:name="aximm" spirit:version="1.0"/>
      <spirit:abstractionType spirit:vendor="xilinx.com" spirit:library="interface" spirit:name="aximm_rtl" spirit:version="1.0"/>
      <spirit:slave>
        <spirit:memoryMapRef spirit:memoryMapRef="S00_AXI"/>
      </spirit:slave>
      <spirit:portMaps>
        <spirit:portMap>
          <spirit:logicalPort>
            <spirit:name>AWADDR</spirit:name>
          </spirit:logicalPort>
          <spirit:physicalPort>
            <spirit:name>s00_axi_awaddr</spirit:name>
          </spirit:physicalPort>
        </spirit:portMap>
        <spirit:portMap>
          <spirit:logicalPort>
            <spirit:name>AWPROT</spirit:name>
          </spirit:logicalPort>
          <spirit:physicalPort>
            <spirit:name>s00_axi_awprot</spirit:name>
          </spirit:physicalPort>
        </spirit:portMap>
        <spirit:portMap>
          <spirit:logicalPort>
            <spirit:name>AWVALID</spirit:name>
          </spirit:logicalPort>
          <spirit:physicalPort>
            <spirit:name>s00_axi_awvalid</spirit:name>
          </spirit:physicalPort>
        </spirit:portMap>
        <spirit:portMap>
          <spirit:logicalPort>
            <spirit:name>AWREADY</spirit:name>
          </spirit:logicalPort>
          <spirit:physicalPort>
            <spirit:name>s00_axi_awready</spirit:name>
          </spirit:physicalPort>
        </spirit:portMap>
        <spirit:portMap>
          <spirit:logicalPort>
            <spirit:name>WDATA</spirit:name>
          </spirit:logicalPort>
          <spirit:physicalPort>
            <spirit:name>s00_axi_wdata</spirit:name>
          </spirit:physicalPort>
        </spirit:portMap>
        <spirit:portMap>
          <spirit:logicalPort>
            <spirit:name>WSTRB</spirit:name>
          </spirit:logicalPort>
          <spirit:physicalPort>
            <spirit:name>s00_axi_wstrb</spirit:name>
          </spirit:physicalPort>
        </spirit:portMap>
        <spirit:portMap>
          <spirit:logicalPort>
            <spirit:name>WVALID</spirit:name>
          </spirit:logicalPort>
          <spirit:physicalPort>
            <spirit:name>s00_axi_wvalid</spirit:name>
          </spirit:physicalPort>
        </spirit:portMap>
        <spirit:portMap>
          <spirit:logicalPort>
            <spirit:name>WREADY</spirit:name>
          </spirit:logicalPort>
          <spirit:physicalPort>
            <spirit:name>s00_axi_wready</spirit:name>
          </spirit:physicalPort>
        </spirit:portMap>
        <spirit:portMap>
          <spirit:logicalPort>
            <spirit:name>BRESP</spirit:name>
          </spirit:logicalPort>
          <spirit:physicalPort>
            <spirit:name>s00_axi_bresp</spirit:name>
          </spirit:physicalPort>
        </spirit:portMap>
        <spirit:portMap>
          <spirit:logicalPort>
            <spirit:name>BVALID</spirit:name>
          </spirit:logicalPort>
          <spirit:physicalPort>
            <spirit:name>s00_axi_bvalid</spirit:name>
          </spirit:physicalPort>
        </spirit:portMap>
        <spirit:portMap>
          <spirit:logicalPort>
            <spirit:name>BREADY</spirit:name>
          </spirit:logicalPort>
          <spirit:physicalPort>
            <spirit:name>s00_axi_bready</spirit:name>
          </spirit:physicalPort>
        </spirit:portMap>
        <spirit:portMap>
          <spirit:logicalPort>
            <spirit:name>ARADDR</spirit:name>
          </spirit:logicalPort>
          <spirit:physicalPort>
            <spirit:name>s00_axi_araddr</spirit:name>
          </spirit:physicalPort>
        </spirit:portMap>
        <spirit:portMap>
          <spirit:logicalPort>
            <spirit:name>ARPROT</spirit:name>
          </spirit:logicalPort>
          <spirit:physicalPort>
            <spirit:name>s00_axi_arprot</spirit:name>
          </spirit:physicalPort>
        </spirit:portMap>
        <spirit:portMap>
          <spirit:logicalPort>
            <spirit:name>ARVALID</spirit:name>
          </spirit:logicalPort>
          <spirit:physicalPort>
            <spirit:name>s00_axi_arvalid</spirit:name>
          </spirit:physicalPort>
        </spirit:portMap>
        <spirit:portMap>
          <spirit:logicalPort>
            <spirit:name>ARREADY</spirit:name>
          </spirit:logicalPort>
          <spirit:physicalPort>
            <spirit:name>s00_axi_arready</spirit:name>
          </spirit:physicalPort>
        </spirit:portMap>
        <spirit:portMap>
          <spirit:logicalPort>
            <spirit:name>RDATA</spirit:name>
          </spirit:logicalPort>
          <spirit:physicalPort>
            <spirit:name>s00_axi_rdata</spirit:name>
          </spirit:physicalPort>
        </spirit:portMap>
        <spirit:portMap>
          <spirit:logicalPort>
            <spirit:name>RRESP</spirit:name>
          </spirit:logicalPort>
          <spirit:physicalPort>
            <spirit:name>s00_axi_rresp</spirit:name>
          </spirit:physicalPort>
        </spirit:portMap>
        <spirit:portMap>
          <spirit:logicalPort>
            <spirit:name>RVALID</spirit:name>
          </spirit:logicalPort>
          <spirit:physicalPort>
            <spirit:name>s00_axi_rvalid</spirit:name>
          </spirit:physicalPort>
        </spirit:portMap>
        <spirit:portMap>
          <spirit:logicalPort>
            <spirit:name>RREADY</spirit:name>
          </spirit:logicalPort>
          <spirit:physicalPort>
            <spirit:name>s00_axi_rready</spirit:name>
          </spirit:physicalPort>
        </spirit:portMap>
      </spirit:portMaps>
      <spirit:parameters>
        <spirit:parameter>
          <spirit:name>WIZ_DATA_WIDTH</spirit:name>
          <spirit:value spirit:format="long" spirit:id="BUSIFPARAM_VALUE.S00_AXI.WIZ_DATA_WIDTH" spirit:choiceRef="choice_list_6fc15197">32</spirit:value>
        </spirit:parameter>
        <spirit:parameter>
          <spirit:name>WIZ_NUM_REG</spirit:name>
          <spirit:value spirit:format="long" spirit:id="BUSIFPARAM_VALUE.S00_AXI.WIZ_NUM_REG" spirit:minimum="4" spirit:maximum="512" spirit:rangeType="long">4</spirit:value>
        </spirit:parameter>
        <spirit:parameter>
          <spirit:name>SUPPORTS_NARROW_BURST</spirit:name>
          <spirit:value spirit:format="long" spirit:id="BUSIFPARAM_VALUE.S00_AXI.SUPPORTS_NARROW_BURST" spirit:choiceRef="choice_pairs_ce1226b1">0</spirit:value>
        </spirit:parameter>
        <spirit:parameter>
          <spirit:name>DATA_WIDTH</spirit:name>
          <spirit:value spirit:format="long" spirit:resolve="generated" spirit:id="BUSIFPARAM_VALUE.S00_AXI.DATA_WIDTH">32</spirit:value>
          <spirit:vendorExtensions>
            <xilinx:parameterInfo>
              <xilinx:parameterUsage>none</xilinx:parameterUsage>
            </xilinx:parameterInfo>
          </spirit:vendorExtensions>
        </spirit:parameter>
        <spirit:parameter>
          <spirit:name>PROTOCOL</spirit:name>
          <spirit:value spirit:resolve="generated" spirit:id="BUSIFPARAM_VALUE.S00_AXI.PROTOCOL">AXI4LITE</spirit:value>
          <spirit:vendorExtensions>
            <xilinx:parameterInfo>
              <xilinx:parameterUsage>none</xilinx:parameterUsage>
            </xilinx:parameterInfo>
          </spirit:vendorExtensions>
        </spirit:parameter>
        <spirit:parameter>
          <spirit:name>FREQ_HZ</spirit:name>
          <spirit:value spirit:format="long" spirit:resolve="generated" spirit:id="BUSIFPARAM_VALUE.S00_AXI.FREQ_HZ">50000000</spirit:value>
          <spirit:vendorExtensions>
            <xilinx:parameterInfo>
              <xilinx:parameterUsage>none</xilinx:parameterUsage>
            </xilinx:parameterInfo>
          </spirit:vendorExtensions>
        </spirit:parameter>
        <spirit:parameter>
          <spirit:name>ID_WIDTH</spirit:name>
          <spirit:value spirit:format="long" spirit:resolve="generated" spirit:id="BUSIFPARAM_VALUE.S00_AXI.ID_WIDTH">0</spirit:value>
          <spirit:vendorExtensions>
            <xilinx:parameterInfo>
              <xilinx:parameterUsage>none</xilinx:parameterUsage>
            </xilinx:parameterInfo>
          </spirit:vendorExtensions>
        </spirit:parameter>
        <spirit:parameter>
          <spirit:name>ADDR_WIDTH</spirit:name>
          <spirit:value spirit:format="long" spirit:resolve="generated" spirit:id="BUSIFPARAM_VALUE.S00_AXI.ADDR_WIDTH">4</spirit:value>
          <spirit:vendorExtensions>
            <xilinx:parameterInfo>
              <xilinx:parameterUsage>none</xilinx:parameterUsage>
            </xilinx:parameterInfo>
          </spirit:vendorExtensions>
        </spirit:parameter>
        <spirit:parameter>
          <spirit:name>AWUSER_WIDTH</spirit:name>
          <spirit:value spirit:format="long" spirit:resolve="generated" spirit:id="BUSIFPARAM_VALUE.S00_AXI.AWUSER_WIDTH">0</spirit:value>
          <spirit:vendorExtensions>
            <xilinx:parameterInfo>
              <xilinx:parameterUsage>none</xilinx:parameterUsage>
            </xilinx:parameterInfo>
          </spirit:vendorExtensions>
        </spirit:parameter>
        <spirit:parameter>
          <spirit:name>ARUSER_WIDTH</spirit:name>
          <spirit:value spirit:format="long" spirit:resolve="generated" spirit:id="BUSIFPARAM_VALUE.S00_AXI.ARUSER_WIDTH">0</spirit:value>
          <spirit:vendorExtensions>
            <xilinx:parameterInfo>
              <xilinx:parameterUsage>none</xilinx:parameterUsage>
            </xilinx:parameterInfo>
          </spirit:vendorExtensions>
        </spirit:parameter>
        <spirit:parameter>
          <spirit:name>WUSER_WIDTH</spirit:name>
          <spirit:value spirit:format="long" spirit:resolve="generated" spirit:id="BUSIFPARAM_VALUE.S00_AXI.WUSER_WIDTH">0</spirit:value>
          <spirit:vendorExtensions>
            <xilinx:parameterInfo>
              <xilinx:parameterUsage>none</xilinx:parameterUsage>
            </xilinx:parameterInfo>
          </spirit:vendorExtensions>
        </spirit:parameter>
        <spirit:parameter>
          <spirit:name>RUSER_WIDTH</spirit:name>
          <spirit:value spirit:format="long" spirit:resolve="generated" spirit:id="BUSIFPARAM_VALUE.S00_AXI.RUSER_WIDTH">0</spirit:value>
          <spirit:vendorExtensions>
            <xilinx:parameterInfo>
              <xilinx:parameterUsage>none</xilinx:parameterUsage>
            </xilinx:parameterInfo>
          </spirit:vendorExtensions>
        </spirit:parameter>
        <spirit:parameter>
          <spirit:name>BUSER_WIDTH</spirit:name>
          <spirit:value spirit:format="long" spirit:resolve="generated" spirit:id="BUSIFPARAM_VALUE.S00_AXI.BUSER_WIDTH">0</spirit:value>
          <spirit:vendorExtensions>
            <xilinx:parameterInfo>
              <xilinx:parameterUsage>none</xilinx:parameterUsage>
            </xilinx:parameterInfo>
          </spirit:vendorExtensions>
        </spirit:parameter>
        <spirit:parameter>
          <spirit:name>READ_WRITE_MODE</spirit:name>
          <spirit:value spirit:resolve="generated" spirit:id="BUSIFPARAM_VALUE.S00_AXI.READ_WRITE_MODE">READ_WRITE</spirit:value>
          <spirit:vendorExtensions>
            <xilinx:parameterInfo>
              <xilinx:parameterUsage>none</xilinx:parameterUsage>
            </xilinx:parameterInfo>
          </spirit:vendorExtensions>
        </spirit:parameter>
        <spirit:parameter>
          <spirit:name>HAS_BURST</spirit:name>
          <spirit:value spirit:format="long" spirit:resolve="generated" spirit:id="BUSIFPARAM_VALUE.S00_AXI.HAS_BURST">0</spirit:value>
          <spirit:vendorExtensions>
            <xilinx:parameterInfo>
              <xilinx:parameterUsage>none</xilinx:parameterUsage>
            </xilinx:parameterInfo>
          </spirit:vendorExtensions>
        </spirit:parameter>
        <spirit:parameter>
          <spirit:name>HAS_LOCK</spirit:name>
          <spirit:value spirit:format="long" spirit:resolve="generated" spirit:id="BUSIFPARAM_VALUE.S00_AXI.HAS_LOCK">0</spirit:value>
          <spirit:vendorExtensions>
            <xilinx:parameterInfo>
              <xilinx:parameterUsage>none</xilinx:parameterUsage>
            </xilinx:parameterInfo>
          </spirit:vendorExtensions>
        </spirit:parameter>
        <spirit:parameter>
          <spirit:name>HAS_PROT</spirit:name>
          <spirit:value spirit:format="long" spirit:resolve="generated" spirit:id="BUSIFPARAM_VALUE.S00_AXI.HAS_PROT">1</spirit:value>
          <spirit:vendorExtensions>
            <xilinx:parameterInfo>
              <xilinx:parameterUsage>none</xilinx:parameterUsage>
            </xilinx:parameterInfo>
          </spirit:vendorExtensions>
        </spirit:parameter>
        <spirit:parameter>
          <spirit:name>HAS_CACHE</spirit:name>
          <spirit:value spirit:format="long" spirit:resolve="generated" spirit:id="BUSIFPARAM_VALUE.S00_AXI.HAS_CACHE">0</spirit:value>
          <spirit:vendorExtensions>
            <xilinx:parameterInfo>
              <xilinx:parameterUsage>none</xilinx:parameterUsage>
            </xilinx:parameterInfo>
          </spirit:vendorExtensions>
        </spirit:parameter>
        <spirit:parameter>
          <spirit:name>HAS_QOS</spirit:name>
          <spirit:value spirit:format="long" spirit:resolve="generated" spirit:id="BUSIFPARAM_VALUE.S00_AXI.HAS_QOS">0</spirit:value>
          <spirit:vendorExtensions>
            <xilinx:parameterInfo>
              <xilinx:parameterUsage>none</xilinx:parameterUsage>
            </xilinx:parameterInfo>
          </spirit:vendorExtensions>
        </spirit:parameter>
        <spirit:parameter>
          <spirit:name>HAS_REGION</spirit:name>
          <spirit:value spirit:format="long" spirit:resolve="generated" spirit:id="BUSIFPARAM_VALUE.S00_AXI.HAS_REGION">0</spirit:value>
          <spirit:vendorExtensions>
            <xilinx:parameterInfo>
              <xilinx:parameterUsage>none</xilinx:parameterUsage>
            </xilinx:parameterInfo>
          </spirit:vendorExtensions>
        </spirit:parameter>
        <spirit:parameter>
          <spirit:name>HAS_WSTRB</spirit:name>
          <spirit:value spirit:format="long" spirit:resolve="generated" spirit:id="BUSIFPARAM_VALUE.S00_AXI.HAS_WSTRB">1</spirit:value>
          <spirit:vendorExtensions>
            <xilinx:parameterInfo>
              <xilinx:parameterUsage>none</xilinx:parameterUsage>
            </xilinx:parameterInfo>
          </spirit:vendorExtensions>
        </spirit:parameter>
        <spirit:parameter>
          <spirit:name>HAS_BRESP</spirit:name>
          <spirit:value spirit:format="long" spirit:resolve="generated" spirit:id="BUSIFPARAM_VALUE.S00_AXI.HAS_BRESP">1</spirit:value>
          <spirit:vendorExtensions>
            <xilinx:parameterInfo>
              <xilinx:parameterUsage>none</xilinx:parameterUsage>
            </xilinx:parameterInfo>
          </spirit:vendorExtensions>
        </spirit:parameter>
        <spirit:parameter>
          <spirit:name>HAS_RRESP</spirit:name>
          <spirit:value spirit:format="long" spirit:resolve="generated" spirit:id="BUSIFPARAM_VALUE.S00_AXI.HAS_RRESP">1</spirit:value>
          <spirit:vendorExtensions>
            <xilinx:parameterInfo>
              <xilinx:parameterUsage>none</xilinx:parameterUsage>
            </xilinx:parameterInfo>
          </spirit:vendorExtensions>
        </spirit:parameter>
        <spirit:parameter>
          <spirit:name>NUM_READ_OUTSTANDING</spirit:name>
          <spirit:value spirit:format="long" spirit:resolve="generated" spirit:id="BUSIFPARAM_VALUE.S00_AXI.NUM_READ_OUTSTANDING">2</spirit:value>
          <spirit:vendorExtensions>
            <xilinx:parameterInfo>
              <xilinx:parameterUsage>none</xilinx:parameterUsage>
            </xilinx:parameterInfo>
          </spirit:vendorExtensions>
        </spirit:parameter>
        <spirit:parameter>
          <spirit:name>NUM_WRITE_OUTSTANDING</spirit:name>
          <spirit:value spirit:format="long" spirit:resolve="generated" spirit:id="BUSIFPARAM_VALUE.S00_AXI.NUM_WRITE_OUTSTANDING">2</spirit:value>
          <spirit:vendorExtensions>
            <xilinx:parameterInfo>
              <xilinx:parameterUsage>none</xilinx:parameterUsage>
            </xilinx:parameterInfo>
          </spirit:vendorExtensions>
        </spirit:parameter>
        <spirit:parameter>
          <spirit:name>MAX_BURST_LENGTH</spirit:name>
          <spirit:value spirit:format="long" spirit:resolve="generated" spirit:id="BUSIFPARAM_VALUE.S00_AXI.MAX_BURST_LENGTH">1</spirit:value>
          <spirit:vendorExtensions>
            <xilinx:parameterInfo>
              <xilinx:parameterUsage>none</xilinx:parameterUsage>
            </xilinx:parameterInfo>
          </spirit:vendorExtensions>
        </spirit:parameter>
        <spirit:parameter>
          <spirit:name>PHASE</spirit:name>
          <spirit:value spirit:format="float" spirit:resolve="generated" spirit:id="BUSIFPARAM_VALUE.S00_AXI.PHASE">0.000</spirit:value>
          <spirit:vendorExtensions>
            <xilinx:parameterInfo>
              <xilinx:parameterUsage>none</xilinx:parameterUsage>
            </xilinx:parameterInfo>
          </spirit:vendorExtensions>
        </spirit:parameter>
        <spirit:parameter>
          <spirit:name>CLK_DOMAIN</spirit:name>
          <spirit:value spirit:resolve="generated" spirit:id="BUSIFPARAM_VALUE.S00_AXI.CLK_DOMAIN">system_processing_system7_0_0_FCLK_CLK0</spirit:value>
          <spirit:vendorExtensions>
            <xilinx:parameterInfo>
              <xilinx:parameterUsage>none</xilinx:parameterUsage>
            </xilinx:parameterInfo>
          </spirit:vendorExtensions>
        </spirit:parameter>
        <spirit:parameter>
          <spirit:name>NUM_READ_THREADS</spirit:name>
          <spirit:value spirit:format="long" spirit:resolve="generated" spirit:id="BUSIFPARAM_VALUE.S00_AXI.NUM_READ_THREADS">1</spirit:value>
          <spirit:vendorExtensions>
            <xilinx:parameterInfo>
              <xilinx:parameterUsage>none</xilinx:parameterUsage>
            </xilinx:parameterInfo>
          </spirit:vendorExtensions>
        </spirit:parameter>
        <spirit:parameter>
          <spirit:name>NUM_WRITE_THREADS</spirit:name>
          <spirit:value spirit:format="long" spirit:resolve="generated" spirit:id="BUSIFPARAM_VALUE.S00_AXI.NUM_WRITE_THREADS">1</spirit:value>
          <spirit:vendorExtensions>
            <xilinx:parameterInfo>
              <xilinx:parameterUsage>none</xilinx:parameterUsage>
            </xilinx:parameterInfo>
          </spirit:vendorExtensions>
        </spirit:parameter>
        <spirit:parameter>
          <spirit:name>RUSER_BITS_PER_BYTE</spirit:name>
          <spirit:value spirit:format="long" spirit:resolve="generated" spirit:id="BUSIFPARAM_VALUE.S00_AXI.RUSER_BITS_PER_BYTE">0</spirit:value>
          <spirit:vendorExtensions>
            <xilinx:parameterInfo>
              <xilinx:parameterUsage>none</xilinx:parameterUsage>
            </xilinx:parameterInfo>
          </spirit:vendorExtensions>
        </spirit:parameter>
        <spirit:parameter>
          <spirit:name>WUSER_BITS_PER_BYTE</spirit:name>
          <spirit:value spirit:format="long" spirit:resolve="generated" spirit:id="BUSIFPARAM_VALUE.S00_AXI.WUSER_BITS_PER_BYTE">0</spirit:value>
          <spirit:vendorExtensions>
            <xilinx:parameterInfo>
              <xilinx:parameterUsage>none</xilinx:parameterUsage>
            </xilinx:parameterInfo>
          </spirit:vendorExtensions>
        </spirit:parameter>
        <spirit:parameter>
          <spirit:name>INSERT_VIP</spirit:name>
          <spirit:value spirit:format="long" spirit:resolve="user" spirit:id="BUSIFPARAM_VALUE.S00_AXI.INSERT_VIP">0</spirit:value>
          <spirit:vendorExtensions>
            <xilinx:parameterInfo>
              <xilinx:parameterUsage>simulation.rtl</xilinx:parameterUsage>
            </xilinx:parameterInfo>
          </spirit:vendorExtensions>
        </spirit:parameter>
      </spirit:parameters>
    </spirit:busInterface>
    <spirit:busInterface>
      <spirit:name>S00_AXI_RST</spirit:name>
      <spirit:busType spirit:vendor="xilinx.com" spirit:library="signal" spirit:name="reset" spirit:version="1.0"/>
      <spirit:abstractionType spirit:vendor="xilinx.com" spirit:library="signal" spirit:name="reset_rtl" spirit:version="1.0"/>
      <spirit:slave/>
      <spirit:portMaps>
        <spirit:portMap>
          <spirit:logicalPort>
            <spirit:name>RST</spirit:name>
          </spirit:logicalPort>
          <spirit:physicalPort>
            <spirit:name>s00_axi_aresetn</spirit:name>
          </spirit:physicalPort>
        </spirit:portMap>
      </spirit:portMaps>
      <spirit:parameters>
        <spirit:parameter>
          <spirit:name>POLARITY</spirit:name>
          <spirit:value spirit:id="BUSIFPARAM_VALUE.S00_AXI_RST.POLARITY">ACTIVE_LOW</spirit:value>
        </spirit:parameter>
        <spirit:parameter>
          <spirit:name>INSERT_VIP</spirit:name>
          <spirit:value spirit:format="long" spirit:resolve="user" spirit:id="BUSIFPARAM_VALUE.S00_AXI_RST.INSERT_VIP">0</spirit:value>
          <spirit:vendorExtensions>
            <xilinx:parameterInfo>
              <xilinx:parameterUsage>simulation.rtl</xilinx:parameterUsage>
            </xilinx:parameterInfo>
          </spirit:vendorExtensions>
        </spirit:parameter>
      </spirit:parameters>
    </spirit:busInterface>
    <spirit:busInterface>
      <spirit:name>S00_AXI_CLK</spirit:name>
      <spirit:busType spirit:vendor="xilinx.com" spirit:library="signal" spirit:name="clock" spirit:version="1.0"/>
      <spirit:abstractionType spirit:vendor="xilinx.com" spirit:library="signal" spirit:name="clock_rtl" spirit:version="1.0"/>
      <spirit:slave/>
      <spirit:portMaps>
        <spirit:portMap>
          <spirit:logicalPort>
            <spirit:name>CLK</spirit:name>
          </spirit:logicalPort>
          <spirit:physicalPort>
            <spirit:name>s00_axi_aclk</spirit:name>
          </spirit:physicalPort>
        </spirit:portMap>
      </spirit:portMaps>
      <spirit:parameters>
        <spirit:parameter>
          <spirit:name>ASSOCIATED_BUSIF</spirit:name>
          <spirit:value spirit:id="BUSIFPARAM_VALUE.S00_AXI_CLK.ASSOCIATED_BUSIF">S00_AXI</spirit:value>
        </spirit:parameter>
        <spirit:parameter>
          <spirit:name>ASSOCIATED_RESET</spirit:name>
          <spirit:value spirit:id="BUSIFPARAM_VALUE.S00_AXI_CLK.ASSOCIATED_RESET">s00_axi_aresetn</spirit:value>
        </spirit:parameter>
        <spirit:parameter>
          <spirit:name>FREQ_HZ</spirit:name>
          <spirit:value spirit:format="long" spirit:resolve="generated" spirit:id="BUSIFPARAM_VALUE.S00_AXI_CLK.FREQ_HZ">50000000</spirit:value>
          <spirit:vendorExtensions>
            <xilinx:parameterInfo>
              <xilinx:parameterUsage>none</xilinx:parameterUsage>
            </xilinx:parameterInfo>
          </spirit:vendorExtensions>
        </spirit:parameter>
        <spirit:parameter>
          <spirit:name>PHASE</spirit:name>
          <spirit:value spirit:format="float" spirit:resolve="generated" spirit:id="BUSIFPARAM_VALUE.S00_AXI_CLK.PHASE">0.000</spirit:value>
          <spirit:vendorExtensions>
            <xilinx:parameterInfo>
              <xilinx:parameterUsage>none</xilinx:parameterUsage>
            </xilinx:parameterInfo>
          </spirit:vendorExtensions>
        </spirit:parameter>
        <spirit:parameter>
          <spirit:name>CLK_DOMAIN</spirit:name>
          <spirit:value spirit:resolve="generated" spirit:id="BUSIFPARAM_VALUE.S00_AXI_CLK.CLK_DOMAIN">system_processing_system7_0_0_FCLK_CLK0</spirit:value>
          <spirit:vendorExtensions>
            <xilinx:parameterInfo>
              <xilinx:parameterUsage>none</xilinx:parameterUsage>
            </xilinx:parameterInfo>
          </spirit:vendorExtensions>
        </spirit:parameter>
        <spirit:parameter>
          <spirit:name>INSERT_VIP</spirit:name>
          <spirit:value spirit:format="long" spirit:resolve="user" spirit:id="BUSIFPARAM_VALUE.S00_AXI_CLK.INSERT_VIP">0</spirit:value>
          <spirit:vendorExtensions>
            <xilinx:parameterInfo>
              <xilinx:parameterUsage>simulation.rtl</xilinx:parameterUsage>
            </xilinx:parameterInfo>
          </spirit:vendorExtensions>
        </spirit:parameter>
      </spirit:parameters>
    </spirit:busInterface>
  </spirit:busInterfaces>
  <spirit:memoryMaps>
    <spirit:memoryMap>
      <spirit:name>S00_AXI</spirit:name>
      <spirit:addressBlock>
        <spirit:name>S00_AXI_reg</spirit:name>
        <spirit:baseAddress spirit:format="long" spirit:resolve="user">0</spirit:baseAddress>
        <spirit:range spirit:format="long">4096</spirit:range>
        <spirit:width spirit:format="long">32</spirit:width>
        <spirit:usage>register</spirit:usage>
        <spirit:parameters>
          <spirit:parameter>
            <spirit:name>OFFSET_BASE_PARAM</spirit:name>
            <spirit:value spirit:id="ADDRBLOCKPARAM_VALUE.S00_AXI.S00_AXI_REG.OFFSET_BASE_PARAM">C_S00_AXI_BASEADDR</spirit:value>
          </spirit:parameter>
          <spirit:parameter>
            <spirit:name>OFFSET_HIGH_PARAM</spirit:name>
            <spirit:value spirit:id="ADDRBLOCKPARAM_VALUE.S00_AXI.S00_AXI_REG.OFFSET_HIGH_PARAM">C_S00_AXI_HIGHADDR</spirit:value>
          </spirit:parameter>
        </spirit:parameters>
      </spirit:addressBlock>
    </spirit:memoryMap>
  </spirit:memoryMaps>
  <spirit:model>
    <spirit:views>
      <spirit:view>
        <spirit:name>xilinx_verilogsynthesis</spirit:name>
        <spirit:displayName>Verilog Synthesis</spirit:displayName>
        <spirit:envIdentifier>verilogSource:vivado.xilinx.com:synthesis</spirit:envIdentifier>
        <spirit:language>verilog</spirit:language>
        <spirit:modelName>axi_wave_generator_v1_0</spirit:modelName>
        <spirit:fileSetRef>
          <spirit:localName>xilinx_verilogsynthesis_view_fileset</spirit:localName>
        </spirit:fileSetRef>
        <spirit:parameters>
          <spirit:parameter>
            <spirit:name>GENtimestamp</spirit:name>
            <spirit:value>Fri Jul 31 03:25:29 UTC 2020</spirit:value>
          </spirit:parameter>
          <spirit:parameter>
            <spirit:name>outputProductCRC</spirit:name>
            <spirit:value>9:b383581b</spirit:value>
          </spirit:parameter>
        </spirit:parameters>
      </spirit:view>
      <spirit:view>
        <spirit:name>xilinx_synthesisconstraints</spirit:name>
        <spirit:displayName>Synthesis Constraints</spirit:displayName>
        <spirit:envIdentifier>:vivado.xilinx.com:synthesis.constraints</spirit:envIdentifier>
        <spirit:parameters>
          <spirit:parameter>
            <spirit:name>outputProductCRC</spirit:name>
            <spirit:value>9:b383581b</spirit:value>
          </spirit:parameter>
        </spirit:parameters>
      </spirit:view>
      <spirit:view>
        <spirit:name>xilinx_verilogsynthesiswrapper</spirit:name>
        <spirit:displayName>Verilog Synthesis Wrapper</spirit:displayName>
        <spirit:envIdentifier>verilogSource:vivado.xilinx.com:synthesis.wrapper</spirit:envIdentifier>
        <spirit:language>verilog</spirit:language>
        <spirit:modelName>system_axi_wave_generator_0_0</spirit:modelName>
        <spirit:fileSetRef>
          <spirit:localName>xilinx_verilogsynthesiswrapper_view_fileset</spirit:localName>
        </spirit:fileSetRef>
        <spirit:parameters>
          <spirit:parameter>
            <spirit:name>GENtimestamp</spirit:name>
            <spirit:value>Fri Jul 31 03:25:29 UTC 2020</spirit:value>
          </spirit:parameter>
          <spirit:parameter>
            <spirit:name>outputProductCRC</spirit:name>
            <spirit:value>9:b383581b</spirit:value>
          </spirit:parameter>
        </spirit:parameters>
      </spirit:view>
      <spirit:view>
        <spirit:name>xilinx_verilogbehavioralsimulation</spirit:name>
        <spirit:displayName>Verilog Simulation</spirit:displayName>
        <spirit:envIdentifier>verilogSource:vivado.xilinx.com:simulation</spirit:envIdentifier>
        <spirit:language>verilog</spirit:language>
        <spirit:modelName>axi_wave_generator_v1_0</spirit:modelName>
        <spirit:fileSetRef>
          <spirit:localName>xilinx_verilogbehavioralsimulation_view_fileset</spirit:localName>
        </spirit:fileSetRef>
        <spirit:parameters>
          <spirit:parameter>
            <spirit:name>GENtimestamp</spirit:name>
            <spirit:value>Fri Jul 31 03:25:29 UTC 2020</spirit:value>
          </spirit:parameter>
          <spirit:parameter>
            <spirit:name>outputProductCRC</spirit:name>
            <spirit:value>9:fa695fad</spirit:value>
          </spirit:parameter>
        </spirit:parameters>
      </spirit:view>
      <spirit:view>
        <spirit:name>xilinx_verilogsimulationwrapper</spirit:name>
        <spirit:displayName>Verilog Simulation Wrapper</spirit:displayName>
        <spirit:envIdentifier>verilogSource:vivado.xilinx.com:simulation.wrapper</spirit:envIdentifier>
        <spirit:language>verilog</spirit:language>
        <spirit:modelName>system_axi_wave_generator_0_0</spirit:modelName>
        <spirit:fileSetRef>
          <spirit:localName>xilinx_verilogsimulationwrapper_view_fileset</spirit:localName>
        </spirit:fileSetRef>
        <spirit:parameters>
          <spirit:parameter>
            <spirit:name>GENtimestamp</spirit:name>
            <spirit:value>Fri Jul 31 03:25:29 UTC 2020</spirit:value>
          </spirit:parameter>
          <spirit:parameter>
            <spirit:name>outputProductCRC</spirit:name>
            <spirit:value>9:fa695fad</spirit:value>
          </spirit:parameter>
        </spirit:parameters>
      </spirit:view>
      <spirit:view>
        <spirit:name>xilinx_externalfiles</spirit:name>
        <spirit:displayName>External Files</spirit:displayName>
        <spirit:envIdentifier>:vivado.xilinx.com:external.files</spirit:envIdentifier>
        <spirit:fileSetRef>
          <spirit:localName>xilinx_externalfiles_view_fileset</spirit:localName>
        </spirit:fileSetRef>
        <spirit:parameters>
          <spirit:parameter>
            <spirit:name>GENtimestamp</spirit:name>
            <spirit:value>Fri Jul 31 03:27:26 UTC 2020</spirit:value>
          </spirit:parameter>
          <spirit:parameter>
            <spirit:name>outputProductCRC</spirit:name>
            <spirit:value>9:b383581b</spirit:value>
          </spirit:parameter>
        </spirit:parameters>
      </spirit:view>
    </spirit:views>
    <spirit:ports>
      <spirit:port>
        <spirit:name>s00_axi_awaddr</spirit:name>
        <spirit:wire>
          <spirit:direction>in</spirit:direction>
          <spirit:vector>
            <spirit:left spirit:format="long" spirit:resolve="dependent" spirit:dependency="(spirit:decode(id(&apos;MODELPARAM_VALUE.C_S00_AXI_ADDR_WIDTH&apos;))-1)">3</spirit:left>
            <spirit:right spirit:format="long">0</spirit:right>
          </spirit:vector>
          <spirit:wireTypeDefs>
            <spirit:wireTypeDef>
              <spirit:typeName>wire</spirit:typeName>
              <spirit:viewNameRef>xilinx_verilogsynthesis</spirit:viewNameRef>
              <spirit:viewNameRef>xilinx_verilogbehavioralsimulation</spirit:viewNameRef>
            </spirit:wireTypeDef>
          </spirit:wireTypeDefs>
        </spirit:wire>
      </spirit:port>
      <spirit:port>
        <spirit:name>s00_axi_awprot</spirit:name>
        <spirit:wire>
          <spirit:direction>in</spirit:direction>
          <spirit:vector>
            <spirit:left spirit:format="long">2</spirit:left>
            <spirit:right spirit:format="long">0</spirit:right>
          </spirit:vector>
          <spirit:wireTypeDefs>
            <spirit:wireTypeDef>
              <spirit:typeName>wire</spirit:typeName>
              <spirit:viewNameRef>xilinx_verilogsynthesis</spirit:viewNameRef>
              <spirit:viewNameRef>xilinx_verilogbehavioralsimulation</spirit:viewNameRef>
            </spirit:wireTypeDef>
          </spirit:wireTypeDefs>
        </spirit:wire>
      </spirit:port>
      <spirit:port>
        <spirit:name>s00_axi_awvalid</spirit:name>
        <spirit:wire>
          <spirit:direction>in</spirit:direction>
          <spirit:wireTypeDefs>
            <spirit:wireTypeDef>
              <spirit:typeName>wire</spirit:typeName>
              <spirit:viewNameRef>xilinx_verilogsynthesis</spirit:viewNameRef>
              <spirit:viewNameRef>xilinx_verilogbehavioralsimulation</spirit:viewNameRef>
            </spirit:wireTypeDef>
          </spirit:wireTypeDefs>
        </spirit:wire>
      </spirit:port>
      <spirit:port>
        <spirit:name>s00_axi_awready</spirit:name>
        <spirit:wire>
          <spirit:direction>out</spirit:direction>
          <spirit:wireTypeDefs>
            <spirit:wireTypeDef>
              <spirit:typeName>wire</spirit:typeName>
              <spirit:viewNameRef>xilinx_verilogsynthesis</spirit:viewNameRef>
              <spirit:viewNameRef>xilinx_verilogbehavioralsimulation</spirit:viewNameRef>
            </spirit:wireTypeDef>
          </spirit:wireTypeDefs>
        </spirit:wire>
      </spirit:port>
      <spirit:port>
        <spirit:name>s00_axi_wdata</spirit:name>
        <spirit:wire>
          <spirit:direction>in</spirit:direction>
          <spirit:vector>
            <spirit:left spirit:format="long" spirit:resolve="dependent" spirit:dependency="(spirit:decode(id(&apos;MODELPARAM_VALUE.C_S00_AXI_DATA_WIDTH&apos;))-1)">31</spirit:left>
            <spirit:right spirit:format="long">0</spirit:right>
          </spirit:vector>
          <spirit:wireTypeDefs>
            <spirit:wireTypeDef>
              <spirit:typeName>wire</spirit:typeName>
              <spirit:viewNameRef>xilinx_verilogsynthesis</spirit:viewNameRef>
              <spirit:viewNameRef>xilinx_verilogbehavioralsimulation</spirit:viewNameRef>
            </spirit:wireTypeDef>
          </spirit:wireTypeDefs>
        </spirit:wire>
      </spirit:port>
      <spirit:port>
        <spirit:name>s00_axi_wstrb</spirit:name>
        <spirit:wire>
          <spirit:direction>in</spirit:direction>
          <spirit:vector>
            <spirit:left spirit:format="long" spirit:resolve="dependent" spirit:dependency="((spirit:decode(id(&apos;MODELPARAM_VALUE.C_S00_AXI_DATA_WIDTH&apos;))/8)-1)">3</spirit:left>
            <spirit:right spirit:format="long">0</spirit:right>
          </spirit:vector>
          <spirit:wireTypeDefs>
            <spirit:wireTypeDef>
              <spirit:typeName>wire</spirit:typeName>
              <spirit:viewNameRef>xilinx_verilogsynthesis</spirit:viewNameRef>
              <spirit:viewNameRef>xilinx_verilogbehavioralsimulation</spirit:viewNameRef>
            </spirit:wireTypeDef>
          </spirit:wireTypeDefs>
        </spirit:wire>
      </spirit:port>
      <spirit:port>
        <spirit:name>s00_axi_wvalid</spirit:name>
        <spirit:wire>
          <spirit:direction>in</spirit:direction>
          <spirit:wireTypeDefs>
            <spirit:wireTypeDef>
              <spirit:typeName>wire</spirit:typeName>
              <spirit:viewNameRef>xilinx_verilogsynthesis</spirit:viewNameRef>
              <spirit:viewNameRef>xilinx_verilogbehavioralsimulation</spirit:viewNameRef>
            </spirit:wireTypeDef>
          </spirit:wireTypeDefs>
        </spirit:wire>
      </spirit:port>
      <spirit:port>
        <spirit:name>s00_axi_wready</spirit:name>
        <spirit:wire>
          <spirit:direction>out</spirit:direction>
          <spirit:wireTypeDefs>
            <spirit:wireTypeDef>
              <spirit:typeName>wire</spirit:typeName>
              <spirit:viewNameRef>xilinx_verilogsynthesis</spirit:viewNameRef>
              <spirit:viewNameRef>xilinx_verilogbehavioralsimulation</spirit:viewNameRef>
            </spirit:wireTypeDef>
          </spirit:wireTypeDefs>
        </spirit:wire>
      </spirit:port>
      <spirit:port>
        <spirit:name>s00_axi_bresp</spirit:name>
        <spirit:wire>
          <spirit:direction>out</spirit:direction>
          <spirit:vector>
            <spirit:left spirit:format="long">1</spirit:left>
            <spirit:right spirit:format="long">0</spirit:right>
          </spirit:vector>
          <spirit:wireTypeDefs>
            <spirit:wireTypeDef>
              <spirit:typeName>wire</spirit:typeName>
              <spirit:viewNameRef>xilinx_verilogsynthesis</spirit:viewNameRef>
              <spirit:viewNameRef>xilinx_verilogbehavioralsimulation</spirit:viewNameRef>
            </spirit:wireTypeDef>
          </spirit:wireTypeDefs>
        </spirit:wire>
      </spirit:port>
      <spirit:port>
        <spirit:name>s00_axi_bvalid</spirit:name>
        <spirit:wire>
          <spirit:direction>out</spirit:direction>
          <spirit:wireTypeDefs>
            <spirit:wireTypeDef>
              <spirit:typeName>wire</spirit:typeName>
              <spirit:viewNameRef>xilinx_verilogsynthesis</spirit:viewNameRef>
              <spirit:viewNameRef>xilinx_verilogbehavioralsimulation</spirit:viewNameRef>
            </spirit:wireTypeDef>
          </spirit:wireTypeDefs>
        </spirit:wire>
      </spirit:port>
      <spirit:port>
        <spirit:name>s00_axi_bready</spirit:name>
        <spirit:wire>
          <spirit:direction>in</spirit:direction>
          <spirit:wireTypeDefs>
            <spirit:wireTypeDef>
              <spirit:typeName>wire</spirit:typeName>
              <spirit:viewNameRef>xilinx_verilogsynthesis</spirit:viewNameRef>
              <spirit:viewNameRef>xilinx_verilogbehavioralsimulation</spirit:viewNameRef>
            </spirit:wireTypeDef>
          </spirit:wireTypeDefs>
        </spirit:wire>
      </spirit:port>
      <spirit:port>
        <spirit:name>s00_axi_araddr</spirit:name>
        <spirit:wire>
          <spirit:direction>in</spirit:direction>
          <spirit:vector>
            <spirit:left spirit:format="long" spirit:resolve="dependent" spirit:dependency="(spirit:decode(id(&apos;MODELPARAM_VALUE.C_S00_AXI_ADDR_WIDTH&apos;))-1)">3</spirit:left>
            <spirit:right spirit:format="long">0</spirit:right>
          </spirit:vector>
          <spirit:wireTypeDefs>
            <spirit:wireTypeDef>
              <spirit:typeName>wire</spirit:typeName>
              <spirit:viewNameRef>xilinx_verilogsynthesis</spirit:viewNameRef>
              <spirit:viewNameRef>xilinx_verilogbehavioralsimulation</spirit:viewNameRef>
            </spirit:wireTypeDef>
          </spirit:wireTypeDefs>
        </spirit:wire>
      </spirit:port>
      <spirit:port>
        <spirit:name>s00_axi_arprot</spirit:name>
        <spirit:wire>
          <spirit:direction>in</spirit:direction>
          <spirit:vector>
            <spirit:left spirit:format="long">2</spirit:left>
            <spirit:right spirit:format="long">0</spirit:right>
          </spirit:vector>
          <spirit:wireTypeDefs>
            <spirit:wireTypeDef>
              <spirit:typeName>wire</spirit:typeName>
              <spirit:viewNameRef>xilinx_verilogsynthesis</spirit:viewNameRef>
              <spirit:viewNameRef>xilinx_verilogbehavioralsimulation</spirit:viewNameRef>
            </spirit:wireTypeDef>
          </spirit:wireTypeDefs>
        </spirit:wire>
      </spirit:port>
      <spirit:port>
        <spirit:name>s00_axi_arvalid</spirit:name>
        <spirit:wire>
          <spirit:direction>in</spirit:direction>
          <spirit:wireTypeDefs>
            <spirit:wireTypeDef>
              <spirit:typeName>wire</spirit:typeName>
              <spirit:viewNameRef>xilinx_verilogsynthesis</spirit:viewNameRef>
              <spirit:viewNameRef>xilinx_verilogbehavioralsimulation</spirit:viewNameRef>
            </spirit:wireTypeDef>
          </spirit:wireTypeDefs>
        </spirit:wire>
      </spirit:port>
      <spirit:port>
        <spirit:name>s00_axi_arready</spirit:name>
        <spirit:wire>
          <spirit:direction>out</spirit:direction>
          <spirit:wireTypeDefs>
            <spirit:wireTypeDef>
              <spirit:typeName>wire</spirit:typeName>
              <spirit:viewNameRef>xilinx_verilogsynthesis</spirit:viewNameRef>
              <spirit:viewNameRef>xilinx_verilogbehavioralsimulation</spirit:viewNameRef>
            </spirit:wireTypeDef>
          </spirit:wireTypeDefs>
        </spirit:wire>
      </spirit:port>
      <spirit:port>
        <spirit:name>s00_axi_rdata</spirit:name>
        <spirit:wire>
          <spirit:direction>out</spirit:direction>
          <spirit:vector>
            <spirit:left spirit:format="long" spirit:resolve="dependent" spirit:dependency="(spirit:decode(id(&apos;MODELPARAM_VALUE.C_S00_AXI_DATA_WIDTH&apos;))-1)">31</spirit:left>
            <spirit:right spirit:format="long">0</spirit:right>
          </spirit:vector>
          <spirit:wireTypeDefs>
            <spirit:wireTypeDef>
              <spirit:typeName>wire</spirit:typeName>
              <spirit:viewNameRef>xilinx_verilogsynthesis</spirit:viewNameRef>
              <spirit:viewNameRef>xilinx_verilogbehavioralsimulation</spirit:viewNameRef>
            </spirit:wireTypeDef>
          </spirit:wireTypeDefs>
        </spirit:wire>
      </spirit:port>
      <spirit:port>
        <spirit:name>s00_axi_rresp</spirit:name>
        <spirit:wire>
          <spirit:direction>out</spirit:direction>
          <spirit:vector>
            <spirit:left spirit:format="long">1</spirit:left>
            <spirit:right spirit:format="long">0</spirit:right>
          </spirit:vector>
          <spirit:wireTypeDefs>
            <spirit:wireTypeDef>
              <spirit:typeName>wire</spirit:typeName>
              <spirit:viewNameRef>xilinx_verilogsynthesis</spirit:viewNameRef>
              <spirit:viewNameRef>xilinx_verilogbehavioralsimulation</spirit:viewNameRef>
            </spirit:wireTypeDef>
          </spirit:wireTypeDefs>
        </spirit:wire>
      </spirit:port>
      <spirit:port>
        <spirit:name>s00_axi_rvalid</spirit:name>
        <spirit:wire>
          <spirit:direction>out</spirit:direction>
          <spirit:wireTypeDefs>
            <spirit:wireTypeDef>
              <spirit:typeName>wire</spirit:typeName>
              <spirit:viewNameRef>xilinx_verilogsynthesis</spirit:viewNameRef>
              <spirit:viewNameRef>xilinx_verilogbehavioralsimulation</spirit:viewNameRef>
            </spirit:wireTypeDef>
          </spirit:wireTypeDefs>
        </spirit:wire>
      </spirit:port>
      <spirit:port>
        <spirit:name>s00_axi_rready</spirit:name>
        <spirit:wire>
          <spirit:direction>in</spirit:direction>
          <spirit:wireTypeDefs>
            <spirit:wireTypeDef>
              <spirit:typeName>wire</spirit:typeName>
              <spirit:viewNameRef>xilinx_verilogsynthesis</spirit:viewNameRef>
              <spirit:viewNameRef>xilinx_verilogbehavioralsimulation</spirit:viewNameRef>
            </spirit:wireTypeDef>
          </spirit:wireTypeDefs>
        </spirit:wire>
      </spirit:port>
      <spirit:port>
        <spirit:name>s00_axi_aclk</spirit:name>
        <spirit:wire>
          <spirit:direction>in</spirit:direction>
          <spirit:wireTypeDefs>
            <spirit:wireTypeDef>
              <spirit:typeName>wire</spirit:typeName>
              <spirit:viewNameRef>xilinx_verilogsynthesis</spirit:viewNameRef>
              <spirit:viewNameRef>xilinx_verilogbehavioralsimulation</spirit:viewNameRef>
            </spirit:wireTypeDef>
          </spirit:wireTypeDefs>
        </spirit:wire>
      </spirit:port>
      <spirit:port>
        <spirit:name>s00_axi_aresetn</spirit:name>
        <spirit:wire>
          <spirit:direction>in</spirit:direction>
          <spirit:wireTypeDefs>
            <spirit:wireTypeDef>
              <spirit:typeName>wire</spirit:typeName>
              <spirit:viewNameRef>xilinx_verilogsynthesis</spirit:viewNameRef>
              <spirit:viewNameRef>xilinx_verilogbehavioralsimulation</spirit:viewNameRef>
            </spirit:wireTypeDef>
          </spirit:wireTypeDefs>
        </spirit:wire>
      </spirit:port>
    </spirit:ports>
    <spirit:modelParameters>
      <spirit:modelParameter xsi:type="spirit:nameValueTypeType" spirit:dataType="integer">
        <spirit:name>C_S00_AXI_DATA_WIDTH</spirit:name>
        <spirit:displayName>C S00 AXI DATA WIDTH</spirit:displayName>
        <spirit:description>Width of S_AXI data bus</spirit:description>
        <spirit:value spirit:format="long" spirit:resolve="generated" spirit:id="MODELPARAM_VALUE.C_S00_AXI_DATA_WIDTH" spirit:order="3" spirit:rangeType="long">32</spirit:value>
      </spirit:modelParameter>
      <spirit:modelParameter spirit:dataType="integer">
        <spirit:name>C_S00_AXI_ADDR_WIDTH</spirit:name>
        <spirit:displayName>C S00 AXI ADDR WIDTH</spirit:displayName>
        <spirit:description>Width of S_AXI address bus</spirit:description>
        <spirit:value spirit:format="long" spirit:resolve="generated" spirit:id="MODELPARAM_VALUE.C_S00_AXI_ADDR_WIDTH" spirit:order="4" spirit:rangeType="long">4</spirit:value>
      </spirit:modelParameter>
    </spirit:modelParameters>
  </spirit:model>
  <spirit:choices>
    <spirit:choice>
      <spirit:name>choice_list_6fc15197</spirit:name>
      <spirit:enumeration>32</spirit:enumeration>
    </spirit:choice>
    <spirit:choice>
      <spirit:name>choice_pairs_ce1226b1</spirit:name>
      <spirit:enumeration spirit:text="true">1</spirit:enumeration>
      <spirit:enumeration spirit:text="false">0</spirit:enumeration>
    </spirit:choice>
  </spirit:choices>
  <spirit:fileSets>
    <spirit:fileSet>
      <spirit:name>xilinx_verilogsynthesis_view_fileset</spirit:name>
      <spirit:file>
        <spirit:name>src/dist_mem_gen_saw_1/dist_mem_gen_saw.xci</spirit:name>
        <spirit:userFileType>xci</spirit:userFileType>
      </spirit:file>
      <spirit:file>
        <spirit:name>src/dist_mem_gen_noi_1/dist_mem_gen_noi.xci</spirit:name>
        <spirit:userFileType>xci</spirit:userFileType>
      </spirit:file>
      <spirit:file>
        <spirit:name>src/dist_mem_gen_squ_1/dist_mem_gen_squ.xci</spirit:name>
        <spirit:userFileType>xci</spirit:userFileType>
      </spirit:file>
      <spirit:file>
        <spirit:name>src/dist_mem_gen_tri_1/dist_mem_gen_tri.xci</spirit:name>
        <spirit:userFileType>xci</spirit:userFileType>
      </spirit:file>
      <spirit:file>
        <spirit:name>src/dist_mem_gen_sin_1/dist_mem_gen_sin.xci</spirit:name>
        <spirit:userFileType>xci</spirit:userFileType>
      </spirit:file>
      <spirit:file>
        <spirit:name>../../ipshared/273f/hdl/axi_wave_generator_v1_0_S00_AXI.v</spirit:name>
        <spirit:fileType>verilogSource</spirit:fileType>
      </spirit:file>
      <spirit:file>
        <spirit:name>../../ipshared/273f/src/dds_addr_noi.v</spirit:name>
        <spirit:fileType>verilogSource</spirit:fileType>
      </spirit:file>
      <spirit:file>
        <spirit:name>../../ipshared/273f/src/dds_addr_saw.v</spirit:name>
        <spirit:fileType>verilogSource</spirit:fileType>
      </spirit:file>
      <spirit:file>
        <spirit:name>../../ipshared/273f/src/dds_addr_sin.v</spirit:name>
        <spirit:fileType>verilogSource</spirit:fileType>
      </spirit:file>
      <spirit:file>
        <spirit:name>../../ipshared/273f/src/dds_addr_squ.v</spirit:name>
        <spirit:fileType>verilogSource</spirit:fileType>
      </spirit:file>
      <spirit:file>
        <spirit:name>../../ipshared/273f/src/dds_addr_tri.v</spirit:name>
        <spirit:fileType>verilogSource</spirit:fileType>
      </spirit:file>
      <spirit:file>
        <spirit:name>../../ipshared/273f/src/dds_noi.v</spirit:name>
        <spirit:fileType>verilogSource</spirit:fileType>
      </spirit:file>
      <spirit:file>
        <spirit:name>../../ipshared/273f/src/dds_saw.v</spirit:name>
        <spirit:fileType>verilogSource</spirit:fileType>
      </spirit:file>
      <spirit:file>
        <spirit:name>../../ipshared/273f/src/dds_sin.v</spirit:name>
        <spirit:fileType>verilogSource</spirit:fileType>
      </spirit:file>
      <spirit:file>
        <spirit:name>../../ipshared/273f/src/dds_squ.v</spirit:name>
        <spirit:fileType>verilogSource</spirit:fileType>
      </spirit:file>
      <spirit:file>
        <spirit:name>../../ipshared/273f/src/dds_tri.v</spirit:name>
        <spirit:fileType>verilogSource</spirit:fileType>
      </spirit:file>
      <spirit:file>
        <spirit:name>../../ipshared/273f/src/divider.v</spirit:name>
        <spirit:fileType>verilogSource</spirit:fileType>
      </spirit:file>
      <spirit:file>
        <spirit:name>../../ipshared/273f/src/wave_adder.v</spirit:name>
        <spirit:fileType>verilogSource</spirit:fileType>
      </spirit:file>
      <spirit:file>
        <spirit:name>../../ipshared/273f/src/wave_gernerator.v</spirit:name>
        <spirit:fileType>verilogSource</spirit:fileType>
      </spirit:file>
      <spirit:file>
        <spirit:name>../../ipshared/273f/src/wave_top.v</spirit:name>
        <spirit:fileType>verilogSource</spirit:fileType>
      </spirit:file>
      <spirit:file>
        <spirit:name>src/dist_mem_gen_saw_1/sawtooth_wave.coe</spirit:name>
        <spirit:userFileType>coe</spirit:userFileType>
      </spirit:file>
      <spirit:file>
        <spirit:name>src/dist_mem_gen_noi_1/noise.coe</spirit:name>
        <spirit:userFileType>coe</spirit:userFileType>
      </spirit:file>
      <spirit:file>
        <spirit:name>src/dist_mem_gen_squ_1/square_wave.coe</spirit:name>
        <spirit:userFileType>coe</spirit:userFileType>
      </spirit:file>
      <spirit:file>
        <spirit:name>src/dist_mem_gen_tri_1/triangular_wave.coe</spirit:name>
        <spirit:userFileType>coe</spirit:userFileType>
      </spirit:file>
      <spirit:file>
        <spirit:name>src/dist_mem_gen_sin_1/sine_wave.coe</spirit:name>
        <spirit:userFileType>coe</spirit:userFileType>
      </spirit:file>
      <spirit:file>
        <spirit:name>src/dist_mem_gen_sin/sine_wave.coe</spirit:name>
        <spirit:userFileType>coe</spirit:userFileType>
      </spirit:file>
      <spirit:file>
        <spirit:name>src/dist_mem_gen_tri/triangular_wave.coe</spirit:name>
        <spirit:userFileType>coe</spirit:userFileType>
      </spirit:file>
      <spirit:file>
        <spirit:name>src/dist_mem_gen_squ/square_wave.coe</spirit:name>
        <spirit:userFileType>coe</spirit:userFileType>
      </spirit:file>
      <spirit:file>
        <spirit:name>src/dist_mem_gen_noi/noise.coe</spirit:name>
        <spirit:userFileType>coe</spirit:userFileType>
      </spirit:file>
      <spirit:file>
        <spirit:name>../../ipshared/273f/hdl/axi_wave_generator_v1_0.v</spirit:name>
        <spirit:fileType>verilogSource</spirit:fileType>
      </spirit:file>
    </spirit:fileSet>
    <spirit:fileSet>
      <spirit:name>xilinx_verilogsynthesiswrapper_view_fileset</spirit:name>
      <spirit:file>
        <spirit:name>synth/system_axi_wave_generator_0_0.v</spirit:name>
        <spirit:fileType>verilogSource</spirit:fileType>
        <spirit:logicalName>xil_defaultlib</spirit:logicalName>
      </spirit:file>
    </spirit:fileSet>
    <spirit:fileSet>
      <spirit:name>xilinx_verilogbehavioralsimulation_view_fileset</spirit:name>
      <spirit:file>
        <spirit:name>src/dist_mem_gen_saw_1/dist_mem_gen_saw.xci</spirit:name>
        <spirit:userFileType>xci</spirit:userFileType>
      </spirit:file>
      <spirit:file>
        <spirit:name>src/dist_mem_gen_noi_1/dist_mem_gen_noi.xci</spirit:name>
        <spirit:userFileType>xci</spirit:userFileType>
      </spirit:file>
      <spirit:file>
        <spirit:name>src/dist_mem_gen_squ_1/dist_mem_gen_squ.xci</spirit:name>
        <spirit:userFileType>xci</spirit:userFileType>
      </spirit:file>
      <spirit:file>
        <spirit:name>src/dist_mem_gen_tri_1/dist_mem_gen_tri.xci</spirit:name>
        <spirit:userFileType>xci</spirit:userFileType>
      </spirit:file>
      <spirit:file>
        <spirit:name>src/dist_mem_gen_sin_1/dist_mem_gen_sin.xci</spirit:name>
        <spirit:userFileType>xci</spirit:userFileType>
      </spirit:file>
      <spirit:file>
        <spirit:name>../../ipshared/273f/hdl/axi_wave_generator_v1_0_S00_AXI.v</spirit:name>
        <spirit:fileType>verilogSource</spirit:fileType>
      </spirit:file>
      <spirit:file>
        <spirit:name>../../ipshared/273f/src/dds_addr_noi.v</spirit:name>
        <spirit:fileType>verilogSource</spirit:fileType>
      </spirit:file>
      <spirit:file>
        <spirit:name>../../ipshared/273f/src/dds_addr_saw.v</spirit:name>
        <spirit:fileType>verilogSource</spirit:fileType>
      </spirit:file>
      <spirit:file>
        <spirit:name>../../ipshared/273f/src/dds_addr_sin.v</spirit:name>
        <spirit:fileType>verilogSource</spirit:fileType>
      </spirit:file>
      <spirit:file>
        <spirit:name>../../ipshared/273f/src/dds_addr_squ.v</spirit:name>
        <spirit:fileType>verilogSource</spirit:fileType>
      </spirit:file>
      <spirit:file>
        <spirit:name>../../ipshared/273f/src/dds_addr_tri.v</spirit:name>
        <spirit:fileType>verilogSource</spirit:fileType>
      </spirit:file>
      <spirit:file>
        <spirit:name>../../ipshared/273f/src/dds_noi.v</spirit:name>
        <spirit:fileType>verilogSource</spirit:fileType>
      </spirit:file>
      <spirit:file>
        <spirit:name>../../ipshared/273f/src/dds_saw.v</spirit:name>
        <spirit:fileType>verilogSource</spirit:fileType>
      </spirit:file>
      <spirit:file>
        <spirit:name>../../ipshared/273f/src/dds_sin.v</spirit:name>
        <spirit:fileType>verilogSource</spirit:fileType>
      </spirit:file>
      <spirit:file>
        <spirit:name>../../ipshared/273f/src/dds_squ.v</spirit:name>
        <spirit:fileType>verilogSource</spirit:fileType>
      </spirit:file>
      <spirit:file>
        <spirit:name>../../ipshared/273f/src/dds_tri.v</spirit:name>
        <spirit:fileType>verilogSource</spirit:fileType>
      </spirit:file>
      <spirit:file>
        <spirit:name>../../ipshared/273f/src/divider.v</spirit:name>
        <spirit:fileType>verilogSource</spirit:fileType>
      </spirit:file>
      <spirit:file>
        <spirit:name>../../ipshared/273f/src/wave_adder.v</spirit:name>
        <spirit:fileType>verilogSource</spirit:fileType>
      </spirit:file>
      <spirit:file>
        <spirit:name>../../ipshared/273f/src/wave_gernerator.v</spirit:name>
        <spirit:fileType>verilogSource</spirit:fileType>
      </spirit:file>
      <spirit:file>
        <spirit:name>../../ipshared/273f/src/wave_top.v</spirit:name>
        <spirit:fileType>verilogSource</spirit:fileType>
      </spirit:file>
      <spirit:file>
        <spirit:name>src/dist_mem_gen_saw_1/sawtooth_wave.coe</spirit:name>
        <spirit:userFileType>coe</spirit:userFileType>
      </spirit:file>
      <spirit:file>
        <spirit:name>src/dist_mem_gen_noi_1/noise.coe</spirit:name>
        <spirit:userFileType>coe</spirit:userFileType>
      </spirit:file>
      <spirit:file>
        <spirit:name>src/dist_mem_gen_squ_1/square_wave.coe</spirit:name>
        <spirit:userFileType>coe</spirit:userFileType>
      </spirit:file>
      <spirit:file>
        <spirit:name>src/dist_mem_gen_tri_1/triangular_wave.coe</spirit:name>
        <spirit:userFileType>coe</spirit:userFileType>
      </spirit:file>
      <spirit:file>
        <spirit:name>src/dist_mem_gen_sin_1/sine_wave.coe</spirit:name>
        <spirit:userFileType>coe</spirit:userFileType>
      </spirit:file>
      <spirit:file>
        <spirit:name>src/dist_mem_gen_sin/sine_wave.coe</spirit:name>
        <spirit:userFileType>coe</spirit:userFileType>
      </spirit:file>
      <spirit:file>
        <spirit:name>src/dist_mem_gen_tri/triangular_wave.coe</spirit:name>
        <spirit:userFileType>coe</spirit:userFileType>
      </spirit:file>
      <spirit:file>
        <spirit:name>src/dist_mem_gen_squ/square_wave.coe</spirit:name>
        <spirit:userFileType>coe</spirit:userFileType>
      </spirit:file>
      <spirit:file>
        <spirit:name>src/dist_mem_gen_noi/noise.coe</spirit:name>
        <spirit:userFileType>coe</spirit:userFileType>
      </spirit:file>
      <spirit:file>
        <spirit:name>../../ipshared/273f/hdl/axi_wave_generator_v1_0.v</spirit:name>
        <spirit:fileType>verilogSource</spirit:fileType>
      </spirit:file>
    </spirit:fileSet>
    <spirit:fileSet>
      <spirit:name>xilinx_verilogsimulationwrapper_view_fileset</spirit:name>
      <spirit:file>
        <spirit:name>sim/system_axi_wave_generator_0_0.v</spirit:name>
        <spirit:fileType>verilogSource</spirit:fileType>
        <spirit:logicalName>xil_defaultlib</spirit:logicalName>
      </spirit:file>
    </spirit:fileSet>
    <spirit:fileSet>
      <spirit:name>xilinx_externalfiles_view_fileset</spirit:name>
      <spirit:file>
        <spirit:name>system_axi_wave_generator_0_0.dcp</spirit:name>
        <spirit:userFileType>dcp</spirit:userFileType>
        <spirit:userFileType>USED_IN_implementation</spirit:userFileType>
        <spirit:userFileType>USED_IN_synthesis</spirit:userFileType>
        <spirit:logicalName>xil_defaultlib</spirit:logicalName>
      </spirit:file>
      <spirit:file>
        <spirit:name>system_axi_wave_generator_0_0_stub.v</spirit:name>
        <spirit:fileType>verilogSource</spirit:fileType>
        <spirit:userFileType>USED_IN_synth_blackbox_stub</spirit:userFileType>
        <spirit:logicalName>xil_defaultlib</spirit:logicalName>
      </spirit:file>
      <spirit:file>
        <spirit:name>system_axi_wave_generator_0_0_stub.vhdl</spirit:name>
        <spirit:fileType>vhdlSource</spirit:fileType>
        <spirit:userFileType>USED_IN_synth_blackbox_stub</spirit:userFileType>
        <spirit:logicalName>xil_defaultlib</spirit:logicalName>
      </spirit:file>
      <spirit:file>
        <spirit:name>system_axi_wave_generator_0_0_sim_netlist.v</spirit:name>
        <spirit:fileType>verilogSource</spirit:fileType>
        <spirit:userFileType>USED_IN_simulation</spirit:userFileType>
        <spirit:userFileType>USED_IN_single_language</spirit:userFileType>
        <spirit:logicalName>xil_defaultlib</spirit:logicalName>
      </spirit:file>
      <spirit:file>
        <spirit:name>system_axi_wave_generator_0_0_sim_netlist.vhdl</spirit:name>
        <spirit:fileType>vhdlSource</spirit:fileType>
        <spirit:userFileType>USED_IN_simulation</spirit:userFileType>
        <spirit:userFileType>USED_IN_single_language</spirit:userFileType>
        <spirit:logicalName>xil_defaultlib</spirit:logicalName>
      </spirit:file>
    </spirit:fileSet>
  </spirit:fileSets>
  <spirit:description>My new AXI IP</spirit:description>
  <spirit:parameters>
    <spirit:parameter>
      <spirit:name>C_S00_AXI_DATA_WIDTH</spirit:name>
      <spirit:displayName>C S00 AXI DATA WIDTH</spirit:displayName>
      <spirit:description>Width of S_AXI data bus</spirit:description>
      <spirit:value spirit:format="long" spirit:resolve="user" spirit:id="PARAM_VALUE.C_S00_AXI_DATA_WIDTH" spirit:choiceRef="choice_list_6fc15197" spirit:order="3">32</spirit:value>
      <spirit:vendorExtensions>
        <xilinx:parameterInfo>
          <xilinx:enablement>
            <xilinx:isEnabled xilinx:id="PARAM_ENABLEMENT.C_S00_AXI_DATA_WIDTH">false</xilinx:isEnabled>
          </xilinx:enablement>
        </xilinx:parameterInfo>
      </spirit:vendorExtensions>
    </spirit:parameter>
    <spirit:parameter>
      <spirit:name>C_S00_AXI_ADDR_WIDTH</spirit:name>
      <spirit:displayName>C S00 AXI ADDR WIDTH</spirit:displayName>
      <spirit:description>Width of S_AXI address bus</spirit:description>
      <spirit:value spirit:format="long" spirit:resolve="user" spirit:id="PARAM_VALUE.C_S00_AXI_ADDR_WIDTH" spirit:order="4" spirit:rangeType="long">4</spirit:value>
      <spirit:vendorExtensions>
        <xilinx:parameterInfo>
          <xilinx:enablement>
            <xilinx:isEnabled xilinx:id="PARAM_ENABLEMENT.C_S00_AXI_ADDR_WIDTH">false</xilinx:isEnabled>
          </xilinx:enablement>
        </xilinx:parameterInfo>
      </spirit:vendorExtensions>
    </spirit:parameter>
    <spirit:parameter>
      <spirit:name>C_S00_AXI_BASEADDR</spirit:name>
      <spirit:displayName>C S00 AXI BASEADDR</spirit:displayName>
      <spirit:value spirit:format="bitString" spirit:resolve="user" spirit:id="PARAM_VALUE.C_S00_AXI_BASEADDR" spirit:order="5" spirit:bitStringLength="32">0xFFFFFFFF</spirit:value>
      <spirit:vendorExtensions>
        <xilinx:parameterInfo>
          <xilinx:enablement>
            <xilinx:isEnabled xilinx:id="PARAM_ENABLEMENT.C_S00_AXI_BASEADDR">false</xilinx:isEnabled>
          </xilinx:enablement>
        </xilinx:parameterInfo>
      </spirit:vendorExtensions>
    </spirit:parameter>
    <spirit:parameter>
      <spirit:name>C_S00_AXI_HIGHADDR</spirit:name>
      <spirit:displayName>C S00 AXI HIGHADDR</spirit:displayName>
      <spirit:value spirit:format="bitString" spirit:resolve="user" spirit:id="PARAM_VALUE.C_S00_AXI_HIGHADDR" spirit:order="6" spirit:bitStringLength="32">0x00000000</spirit:value>
      <spirit:vendorExtensions>
        <xilinx:parameterInfo>
          <xilinx:enablement>
            <xilinx:isEnabled xilinx:id="PARAM_ENABLEMENT.C_S00_AXI_HIGHADDR">false</xilinx:isEnabled>
          </xilinx:enablement>
        </xilinx:parameterInfo>
      </spirit:vendorExtensions>
    </spirit:parameter>
    <spirit:parameter>
      <spirit:name>Component_Name</spirit:name>
      <spirit:value spirit:resolve="user" spirit:id="PARAM_VALUE.Component_Name" spirit:order="1">system_axi_wave_generator_0_0</spirit:value>
    </spirit:parameter>
  </spirit:parameters>
  <spirit:vendorExtensions>
    <xilinx:coreExtensions>
      <xilinx:displayName>axi_wave_generator_v1.0</xilinx:displayName>
      <xilinx:coreRevision>7</xilinx:coreRevision>
      <xilinx:tags>
        <xilinx:tag xilinx:name="ui.data.coregen.dd@6925aca_ARCHIVE_LOCATION">c:/vivado_workspace/ip_repo/axi_wave_generator_1.0</xilinx:tag>
        <xilinx:tag xilinx:name="ui.data.coregen.dd@729e1f00_ARCHIVE_LOCATION">c:/vivado_workspace/ip_repo/axi_wave_generator_1.0</xilinx:tag>
        <xilinx:tag xilinx:name="ui.data.coregen.dd@719b5a43_ARCHIVE_LOCATION">c:/vivado_workspace/ip_repo/axi_wave_generator_1.0</xilinx:tag>
        <xilinx:tag xilinx:name="ui.data.coregen.dd@701b0cba_ARCHIVE_LOCATION">c:/vivado_workspace/ip_repo/axi_wave_generator_1.0</xilinx:tag>
        <xilinx:tag xilinx:name="ui.data.coregen.dd@3d2c5735_ARCHIVE_LOCATION">c:/vivado_workspace/ip_repo/axi_wave_generator_1.0</xilinx:tag>
        <xilinx:tag xilinx:name="ui.data.coregen.dd@8e7bd52_ARCHIVE_LOCATION">c:/vivado_workspace/ip_repo/axi_wave_generator_1.0</xilinx:tag>
        <xilinx:tag xilinx:name="ui.data.coregen.dd@1a4ad763_ARCHIVE_LOCATION">c:/vivado_workspace/ip_repo/axi_wave_generator_1.0</xilinx:tag>
        <xilinx:tag xilinx:name="ui.data.coregen.dd@18e6fc3f_ARCHIVE_LOCATION">c:/vivado_workspace/ip_repo/axi_wave_generator_1.0</xilinx:tag>
        <xilinx:tag xilinx:name="ui.data.coregen.dd@79044a35_ARCHIVE_LOCATION">c:/vivado_workspace/ip_repo/axi_wave_generator_1.0</xilinx:tag>
        <xilinx:tag xilinx:name="ui.data.coregen.dd@2be60775_ARCHIVE_LOCATION">c:/vivado_workspace/ip_repo/axi_wave_generator_1.0</xilinx:tag>
        <xilinx:tag xilinx:name="ui.data.coregen.dd@49b55972_ARCHIVE_LOCATION">c:/vivado_workspace/ip_repo/axi_wave_generator_1.0</xilinx:tag>
        <xilinx:tag xilinx:name="ui.data.coregen.dd@7d5b732c_ARCHIVE_LOCATION">c:/vivado_workspace/ip_repo/axi_wave_generator_1.0</xilinx:tag>
        <xilinx:tag xilinx:name="ui.data.coregen.dd@628283bf_ARCHIVE_LOCATION">c:/vivado_workspace/ip_repo/axi_wave_generator_1.0</xilinx:tag>
        <xilinx:tag xilinx:name="ui.data.coregen.dd@5fcff257_ARCHIVE_LOCATION">c:/vivado_workspace/ip_repo/axi_wave_generator_1.0</xilinx:tag>
        <xilinx:tag xilinx:name="ui.data.coregen.dd@476f9f5f_ARCHIVE_LOCATION">c:/vivado_workspace/ip_repo/axi_wave_generator_1.0</xilinx:tag>
        <xilinx:tag xilinx:name="ui.data.coregen.dd@47c74638_ARCHIVE_LOCATION">c:/vivado_workspace/ip_repo/axi_wave_generator_1.0</xilinx:tag>
        <xilinx:tag xilinx:name="ui.data.coregen.dd@77a0a30c_ARCHIVE_LOCATION">c:/vivado_workspace/ip_repo/axi_wave_generator_1.0</xilinx:tag>
        <xilinx:tag xilinx:name="ui.data.coregen.dd@47a02426_ARCHIVE_LOCATION">c:/vivado_workspace/ip_repo/axi_wave_generator_1.0</xilinx:tag>
        <xilinx:tag xilinx:name="ui.data.coregen.dd@281047ba_ARCHIVE_LOCATION">c:/vivado_workspace/ip_repo/axi_wave_generator_1.0</xilinx:tag>
        <xilinx:tag xilinx:name="ui.data.coregen.dd@fe71692_ARCHIVE_LOCATION">c:/vivado_workspace/ip_repo/axi_wave_generator_1.0</xilinx:tag>
        <xilinx:tag xilinx:name="ui.data.coregen.dd@1f3b4c35_ARCHIVE_LOCATION">c:/vivado_workspace/ip_repo/axi_wave_generator_1.0</xilinx:tag>
        <xilinx:tag xilinx:name="ui.data.coregen.dd@1c4af0e0_ARCHIVE_LOCATION">c:/vivado_workspace/ip_repo/axi_wave_generator_1.0</xilinx:tag>
        <xilinx:tag xilinx:name="ui.data.coregen.dd@58fa6ec1_ARCHIVE_LOCATION">c:/vivado_workspace/ip_repo/axi_wave_generator_1.0</xilinx:tag>
        <xilinx:tag xilinx:name="ui.data.coregen.dd@5fcdeeb3_ARCHIVE_LOCATION">c:/vivado_workspace/ip_repo/axi_wave_generator_1.0</xilinx:tag>
        <xilinx:tag xilinx:name="ui.data.coregen.dd@265fe18f_ARCHIVE_LOCATION">c:/vivado_workspace/ip_repo/axi_wave_generator_1.0</xilinx:tag>
        <xilinx:tag xilinx:name="ui.data.coregen.dd@3a979954_ARCHIVE_LOCATION">c:/vivado_workspace/ip_repo/axi_wave_generator_1.0</xilinx:tag>
        <xilinx:tag xilinx:name="ui.data.coregen.dd@254f00b5_ARCHIVE_LOCATION">c:/vivado_workspace/ip_repo/axi_wave_generator_1.0</xilinx:tag>
        <xilinx:tag xilinx:name="ui.data.coregen.dd@6033293f_ARCHIVE_LOCATION">c:/vivado_workspace/ip_repo/axi_wave_generator_1.0</xilinx:tag>
        <xilinx:tag xilinx:name="ui.data.coregen.dd@2b426af5_ARCHIVE_LOCATION">c:/vivado_workspace/ip_repo/axi_wave_generator_1.0</xilinx:tag>
        <xilinx:tag xilinx:name="ui.data.coregen.dd@23f64b58_ARCHIVE_LOCATION">c:/vivado_workspace/ip_repo/axi_wave_generator_1.0</xilinx:tag>
        <xilinx:tag xilinx:name="ui.data.coregen.dd@45ffd485_ARCHIVE_LOCATION">c:/vivado_workspace/ip_repo/axi_wave_generator_1.0</xilinx:tag>
        <xilinx:tag xilinx:name="ui.data.coregen.dd@1f725c82_ARCHIVE_LOCATION">c:/vivado_workspace/ip_repo/axi_wave_generator_1.0</xilinx:tag>
        <xilinx:tag xilinx:name="ui.data.coregen.dd@69303b99_ARCHIVE_LOCATION">c:/vivado_workspace/ip_repo/axi_wave_generator_1.0</xilinx:tag>
        <xilinx:tag xilinx:name="ui.data.coregen.dd@494f3d47_ARCHIVE_LOCATION">c:/vivado_workspace/ip_repo/axi_wave_generator_1.0</xilinx:tag>
        <xilinx:tag xilinx:name="ui.data.coregen.dd@b76090_ARCHIVE_LOCATION">c:/vivado_workspace/ip_repo/axi_wave_generator_1.0</xilinx:tag>
        <xilinx:tag xilinx:name="ui.data.coregen.dd@3f47cc60_ARCHIVE_LOCATION">c:/vivado_workspace/ip_repo/axi_wave_generator_1.0</xilinx:tag>
        <xilinx:tag xilinx:name="ui.data.coregen.dd@50a740a7_ARCHIVE_LOCATION">c:/vivado_workspace/ip_repo/axi_wave_generator_1.0</xilinx:tag>
        <xilinx:tag xilinx:name="ui.data.coregen.dd@68e21464_ARCHIVE_LOCATION">c:/vivado_workspace/ip_repo/axi_wave_generator_1.0</xilinx:tag>
        <xilinx:tag xilinx:name="ui.data.coregen.dd@7831026_ARCHIVE_LOCATION">c:/vivado_workspace/ip_repo/axi_wave_generator_1.0</xilinx:tag>
        <xilinx:tag xilinx:name="ui.data.coregen.dd@260e21a6_ARCHIVE_LOCATION">c:/vivado_workspace/ip_repo/axi_wave_generator_1.0</xilinx:tag>
        <xilinx:tag xilinx:name="ui.data.coregen.dd@e7253df_ARCHIVE_LOCATION">c:/vivado_workspace/ip_repo/axi_wave_generator_1.0</xilinx:tag>
        <xilinx:tag xilinx:name="ui.data.coregen.dd@1ce3152_ARCHIVE_LOCATION">c:/vivado_workspace/ip_repo/axi_wave_generator_1.0</xilinx:tag>
        <xilinx:tag xilinx:name="ui.data.coregen.dd@fa1915b_ARCHIVE_LOCATION">c:/vivado_workspace/ip_repo/axi_wave_generator_1.0</xilinx:tag>
        <xilinx:tag xilinx:name="ui.data.coregen.dd@233fb5ca_ARCHIVE_LOCATION">c:/vivado_workspace/ip_repo/axi_wave_generator_1.0</xilinx:tag>
        <xilinx:tag xilinx:name="ui.data.coregen.dd@205f9f7c_ARCHIVE_LOCATION">c:/vivado_workspace/ip_repo/axi_wave_generator_1.0</xilinx:tag>
        <xilinx:tag xilinx:name="ui.data.coregen.dd@6ae8d9fc_ARCHIVE_LOCATION">c:/vivado_workspace/ip_repo/axi_wave_generator_1.0</xilinx:tag>
        <xilinx:tag xilinx:name="ui.data.coregen.dd@626e1035_ARCHIVE_LOCATION">c:/vivado_workspace/ip_repo/axi_wave_generator_1.0</xilinx:tag>
        <xilinx:tag xilinx:name="ui.data.coregen.dd@20c5ca3f_ARCHIVE_LOCATION">c:/vivado_workspace/ip_repo/axi_wave_generator_1.0</xilinx:tag>
        <xilinx:tag xilinx:name="ui.data.coregen.dd@318b0d2a_ARCHIVE_LOCATION">c:/vivado_workspace/ip_repo/axi_wave_generator_1.0</xilinx:tag>
        <xilinx:tag xilinx:name="ui.data.coregen.dd@5079cca5_ARCHIVE_LOCATION">c:/vivado_workspace/ip_repo/axi_wave_generator_1.0</xilinx:tag>
        <xilinx:tag xilinx:name="ui.data.coregen.dd@3d67aa3f_ARCHIVE_LOCATION">c:/vivado_workspace/ip_repo/axi_wave_generator_1.0</xilinx:tag>
        <xilinx:tag xilinx:name="ui.data.coregen.dd@676e4059_ARCHIVE_LOCATION">c:/vivado_workspace/ip_repo/axi_wave_generator_1.0</xilinx:tag>
        <xilinx:tag xilinx:name="ui.data.coregen.dd@c994c0f_ARCHIVE_LOCATION">c:/vivado_workspace/ip_repo/axi_wave_generator_1.0</xilinx:tag>
        <xilinx:tag xilinx:name="ui.data.coregen.dd@16c8c655_ARCHIVE_LOCATION">c:/vivado_workspace/ip_repo/axi_wave_generator_1.0</xilinx:tag>
        <xilinx:tag xilinx:name="ui.data.coregen.dd@47c07f8_ARCHIVE_LOCATION">c:/vivado_workspace/ip_repo/axi_wave_generator_1.0</xilinx:tag>
        <xilinx:tag xilinx:name="ui.data.coregen.dd@3c0bcb0c_ARCHIVE_LOCATION">c:/vivado_workspace/ip_repo/axi_wave_generator_1.0</xilinx:tag>
        <xilinx:tag xilinx:name="ui.data.coregen.dd@5e2df508_ARCHIVE_LOCATION">c:/vivado_workspace/ip_repo/axi_wave_generator_1.0</xilinx:tag>
        <xilinx:tag xilinx:name="ui.data.coregen.dd@73d9c17f_ARCHIVE_LOCATION">c:/vivado_workspace/ip_repo/axi_wave_generator_1.0</xilinx:tag>
        <xilinx:tag xilinx:name="ui.data.coregen.dd@37c7c7b_ARCHIVE_LOCATION">c:/vivado_workspace/ip_repo/axi_wave_generator_1.0</xilinx:tag>
        <xilinx:tag xilinx:name="ui.data.coregen.dd@2faa1153_ARCHIVE_LOCATION">c:/vivado_workspace/ip_repo/axi_wave_generator_1.0</xilinx:tag>
        <xilinx:tag xilinx:name="ui.data.coregen.dd@abfd0f0_ARCHIVE_LOCATION">c:/vivado_workspace/ip_repo/axi_wave_generator_1.0</xilinx:tag>
        <xilinx:tag xilinx:name="ui.data.coregen.dd@8c49c1d_ARCHIVE_LOCATION">c:/vivado_workspace/ip_repo/axi_wave_generator_1.0</xilinx:tag>
        <xilinx:tag xilinx:name="ui.data.coregen.dd@4e0cdefb_ARCHIVE_LOCATION">c:/vivado_workspace/ip_repo/axi_wave_generator_1.0</xilinx:tag>
        <xilinx:tag xilinx:name="ui.data.coregen.dd@650047db_ARCHIVE_LOCATION">c:/vivado_workspace/ip_repo/axi_wave_generator_1.0</xilinx:tag>
        <xilinx:tag xilinx:name="ui.data.coregen.dd@6059544e_ARCHIVE_LOCATION">c:/vivado_workspace/ip_repo/axi_wave_generator_1.0</xilinx:tag>
        <xilinx:tag xilinx:name="ui.data.coregen.dd@2edfdfbd_ARCHIVE_LOCATION">c:/vivado_workspace/ip_repo/axi_wave_generator_1.0</xilinx:tag>
        <xilinx:tag xilinx:name="ui.data.coregen.dd@3e42f6d8_ARCHIVE_LOCATION">c:/vivado_workspace/ip_repo/axi_wave_generator_1.0</xilinx:tag>
        <xilinx:tag xilinx:name="ui.data.coregen.dd@c5140b1_ARCHIVE_LOCATION">c:/vivado_workspace/ip_repo/axi_wave_generator_1.0</xilinx:tag>
        <xilinx:tag xilinx:name="ui.data.coregen.dd@2f80e19e_ARCHIVE_LOCATION">c:/vivado_workspace/ip_repo/axi_wave_generator_1.0</xilinx:tag>
        <xilinx:tag xilinx:name="ui.data.coregen.dd@5e000f2b_ARCHIVE_LOCATION">c:/vivado_workspace/ip_repo/axi_wave_generator_1.0</xilinx:tag>
        <xilinx:tag xilinx:name="ui.data.coregen.dd@3541df5b_ARCHIVE_LOCATION">c:/vivado_workspace/ip_repo/axi_wave_generator_1.0</xilinx:tag>
        <xilinx:tag xilinx:name="ui.data.coregen.dd@4170d717_ARCHIVE_LOCATION">c:/vivado_workspace/ip_repo/axi_wave_generator_1.0</xilinx:tag>
        <xilinx:tag xilinx:name="ui.data.coregen.dd@79b245d0_ARCHIVE_LOCATION">c:/vivado_workspace/ip_repo/axi_wave_generator_1.0</xilinx:tag>
        <xilinx:tag xilinx:name="ui.data.coregen.dd@2903cd6f_ARCHIVE_LOCATION">c:/vivado_workspace/ip_repo/axi_wave_generator_1.0</xilinx:tag>
        <xilinx:tag xilinx:name="ui.data.coregen.dd@1b0b7161_ARCHIVE_LOCATION">c:/vivado_workspace/ip_repo/axi_wave_generator_1.0</xilinx:tag>
        <xilinx:tag xilinx:name="ui.data.coregen.dd@4c904503_ARCHIVE_LOCATION">c:/vivado_workspace/ip_repo/axi_wave_generator_1.0</xilinx:tag>
        <xilinx:tag xilinx:name="ui.data.coregen.dd@1c2f1712_ARCHIVE_LOCATION">c:/vivado_workspace/ip_repo/axi_wave_generator_1.0</xilinx:tag>
        <xilinx:tag xilinx:name="ui.data.coregen.dd@7d6f39ba_ARCHIVE_LOCATION">c:/vivado_workspace/ip_repo/axi_wave_generator_1.0</xilinx:tag>
        <xilinx:tag xilinx:name="ui.data.coregen.dd@23c28c7a_ARCHIVE_LOCATION">c:/vivado_workspace/ip_repo/axi_wave_generator_1.0</xilinx:tag>
        <xilinx:tag xilinx:name="ui.data.coregen.dd@70437551_ARCHIVE_LOCATION">c:/vivado_workspace/ip_repo/axi_wave_generator_1.0</xilinx:tag>
        <xilinx:tag xilinx:name="ui.data.coregen.dd@43cfd973_ARCHIVE_LOCATION">c:/vivado_workspace/ip_repo/axi_wave_generator_1.0</xilinx:tag>
        <xilinx:tag xilinx:name="ui.data.coregen.dd@75352308_ARCHIVE_LOCATION">c:/vivado_workspace/ip_repo/axi_wave_generator_1.0</xilinx:tag>
        <xilinx:tag xilinx:name="ui.data.coregen.dd@3464f48f_ARCHIVE_LOCATION">c:/vivado_workspace/ip_repo/axi_wave_generator_1.0</xilinx:tag>
        <xilinx:tag xilinx:name="ui.data.coregen.dd@5d95c9ff_ARCHIVE_LOCATION">c:/vivado_workspace/ip_repo/axi_wave_generator_1.0</xilinx:tag>
        <xilinx:tag xilinx:name="ui.data.coregen.dd@7ea1c32a_ARCHIVE_LOCATION">c:/vivado_workspace/ip_repo/axi_wave_generator_1.0</xilinx:tag>
        <xilinx:tag xilinx:name="ui.data.coregen.dd@89efa0f_ARCHIVE_LOCATION">c:/vivado_workspace/ip_repo/axi_wave_generator_1.0</xilinx:tag>
        <xilinx:tag xilinx:name="ui.data.coregen.dd@d1b0507_ARCHIVE_LOCATION">c:/vivado_workspace/ip_repo/axi_wave_generator_1.0</xilinx:tag>
        <xilinx:tag xilinx:name="ui.data.coregen.dd@e446659_ARCHIVE_LOCATION">c:/vivado_workspace/ip_repo/axi_wave_generator_1.0</xilinx:tag>
        <xilinx:tag xilinx:name="ui.data.coregen.dd@aa0fd65_ARCHIVE_LOCATION">c:/vivado_workspace/ip_repo/axi_wave_generator_1.0</xilinx:tag>
        <xilinx:tag xilinx:name="ui.data.coregen.dd@6873687d_ARCHIVE_LOCATION">c:/vivado_workspace/ip_repo/axi_wave_generator_1.0</xilinx:tag>
        <xilinx:tag xilinx:name="ui.data.coregen.dd@5c4f99b0_ARCHIVE_LOCATION">c:/vivado_workspace/ip_repo/axi_wave_generator_1.0</xilinx:tag>
        <xilinx:tag xilinx:name="ui.data.coregen.dd@475caa23_ARCHIVE_LOCATION">c:/vivado_workspace/ip_repo/axi_wave_generator_1.0</xilinx:tag>
        <xilinx:tag xilinx:name="ui.data.coregen.dd@27ae3150_ARCHIVE_LOCATION">c:/vivado_workspace/ip_repo/axi_wave_generator_1.0</xilinx:tag>
        <xilinx:tag xilinx:name="ui.data.coregen.dd@5c35a8a8_ARCHIVE_LOCATION">c:/vivado_workspace/ip_repo/axi_wave_generator_1.0</xilinx:tag>
        <xilinx:tag xilinx:name="ui.data.coregen.dd@25cb440c_ARCHIVE_LOCATION">c:/vivado_workspace/ip_repo/axi_wave_generator_1.0</xilinx:tag>
        <xilinx:tag xilinx:name="ui.data.coregen.dd@3bdee633_ARCHIVE_LOCATION">c:/vivado_workspace/ip_repo/axi_wave_generator_1.0</xilinx:tag>
        <xilinx:tag xilinx:name="ui.data.coregen.dd@4b2edaa4_ARCHIVE_LOCATION">c:/vivado_workspace/ip_repo/axi_wave_generator_1.0</xilinx:tag>
        <xilinx:tag xilinx:name="ui.data.coregen.dd@7b801fde_ARCHIVE_LOCATION">c:/vivado_workspace/ip_repo/axi_wave_generator_1.0</xilinx:tag>
        <xilinx:tag xilinx:name="ui.data.coregen.dd@135f098c_ARCHIVE_LOCATION">c:/vivado_workspace/ip_repo/axi_wave_generator_1.0</xilinx:tag>
        <xilinx:tag xilinx:name="ui.data.coregen.dd@32f395e7_ARCHIVE_LOCATION">c:/vivado_workspace/ip_repo/axi_wave_generator_1.0</xilinx:tag>
        <xilinx:tag xilinx:name="ui.data.coregen.dd@1d1c00e6_ARCHIVE_LOCATION">c:/vivado_workspace/ip_repo/axi_wave_generator_1.0</xilinx:tag>
        <xilinx:tag xilinx:name="ui.data.coregen.dd@7a44f5ee_ARCHIVE_LOCATION">c:/vivado_workspace/ip_repo/axi_wave_generator_1.0</xilinx:tag>
        <xilinx:tag xilinx:name="ui.data.coregen.dd@266b7a9a_ARCHIVE_LOCATION">c:/vivado_workspace/ip_repo/axi_wave_generator_1.0</xilinx:tag>
        <xilinx:tag xilinx:name="ui.data.coregen.dd@1621994_ARCHIVE_LOCATION">c:/vivado_workspace/ip_repo/axi_wave_generator_1.0</xilinx:tag>
        <xilinx:tag xilinx:name="ui.data.coregen.dd@45b2b655_ARCHIVE_LOCATION">c:/vivado_workspace/ip_repo/axi_wave_generator_1.0</xilinx:tag>
        <xilinx:tag xilinx:name="ui.data.coregen.dd@5d6c63b5_ARCHIVE_LOCATION">c:/vivado_workspace/ip_repo/axi_wave_generator_1.0</xilinx:tag>
        <xilinx:tag xilinx:name="ui.data.coregen.dd@4e8ce8f_ARCHIVE_LOCATION">c:/vivado_workspace/ip_repo/axi_wave_generator_1.0</xilinx:tag>
        <xilinx:tag xilinx:name="ui.data.coregen.dd@4b6832da_ARCHIVE_LOCATION">c:/vivado_workspace/ip_repo/axi_wave_generator_1.0</xilinx:tag>
        <xilinx:tag xilinx:name="ui.data.coregen.dd@2ce66787_ARCHIVE_LOCATION">c:/vivado_workspace/ip_repo/axi_wave_generator_1.0</xilinx:tag>
        <xilinx:tag xilinx:name="ui.data.coregen.dd@a9e7063_ARCHIVE_LOCATION">c:/vivado_workspace/ip_repo/axi_wave_generator_1.0</xilinx:tag>
        <xilinx:tag xilinx:name="ui.data.coregen.dd@24f4839b_ARCHIVE_LOCATION">c:/vivado_workspace/ip_repo/axi_wave_generator_1.0</xilinx:tag>
        <xilinx:tag xilinx:name="ui.data.coregen.dd@76ac58a1_ARCHIVE_LOCATION">c:/vivado_workspace/ip_repo/axi_wave_generator_1.0</xilinx:tag>
        <xilinx:tag xilinx:name="ui.data.coregen.dd@5e32270f_ARCHIVE_LOCATION">c:/vivado_workspace/ip_repo/axi_wave_generator_1.0</xilinx:tag>
        <xilinx:tag xilinx:name="ui.data.coregen.dd@11e71de5_ARCHIVE_LOCATION">c:/vivado_workspace/ip_repo/axi_wave_generator_1.0</xilinx:tag>
        <xilinx:tag xilinx:name="ui.data.coregen.dd@5a82407d_ARCHIVE_LOCATION">c:/vivado_workspace/ip_repo/axi_wave_generator_1.0</xilinx:tag>
        <xilinx:tag xilinx:name="ui.data.coregen.dd@353d2652_ARCHIVE_LOCATION">c:/vivado_workspace/ip_repo/axi_wave_generator_1.0</xilinx:tag>
        <xilinx:tag xilinx:name="ui.data.coregen.dd@356013b5_ARCHIVE_LOCATION">c:/vivado_workspace/ip_repo/axi_wave_generator_1.0</xilinx:tag>
        <xilinx:tag xilinx:name="ui.data.coregen.dd@7e512e3b_ARCHIVE_LOCATION">c:/vivado_workspace/ip_repo/axi_wave_generator_1.0</xilinx:tag>
        <xilinx:tag xilinx:name="ui.data.coregen.dd@62be4c54_ARCHIVE_LOCATION">c:/vivado_workspace/ip_repo/axi_wave_generator_1.0</xilinx:tag>
        <xilinx:tag xilinx:name="ui.data.coregen.dd@139a0fca_ARCHIVE_LOCATION">c:/vivado_workspace/ip_repo/axi_wave_generator_1.0</xilinx:tag>
        <xilinx:tag xilinx:name="ui.data.coregen.dd@134b1729_ARCHIVE_LOCATION">c:/vivado_workspace/ip_repo/axi_wave_generator_1.0</xilinx:tag>
        <xilinx:tag xilinx:name="ui.data.coregen.dd@3823dd3a_ARCHIVE_LOCATION">c:/vivado_workspace/ip_repo/axi_wave_generator_1.0</xilinx:tag>
        <xilinx:tag xilinx:name="ui.data.coregen.dd@27398bfd_ARCHIVE_LOCATION">c:/vivado_workspace/ip_repo/axi_wave_generator_1.0</xilinx:tag>
        <xilinx:tag xilinx:name="ui.data.coregen.dd@b4a516b_ARCHIVE_LOCATION">c:/vivado_workspace/ip_repo/axi_wave_generator_1.0</xilinx:tag>
        <xilinx:tag xilinx:name="ui.data.coregen.dd@15c1fc40_ARCHIVE_LOCATION">c:/vivado_workspace/ip_repo/axi_wave_generator_1.0</xilinx:tag>
        <xilinx:tag xilinx:name="ui.data.coregen.dd@ec9d14d_ARCHIVE_LOCATION">c:/vivado_workspace/ip_repo/axi_wave_generator_1.0</xilinx:tag>
        <xilinx:tag xilinx:name="ui.data.coregen.dd@951b7ba_ARCHIVE_LOCATION">c:/vivado_workspace/ip_repo/axi_wave_generator_1.0</xilinx:tag>
        <xilinx:tag xilinx:name="ui.data.coregen.dd@7b58421e_ARCHIVE_LOCATION">c:/vivado_workspace/ip_repo/axi_wave_generator_1.0</xilinx:tag>
        <xilinx:tag xilinx:name="ui.data.coregen.dd@c9fd014_ARCHIVE_LOCATION">c:/vivado_workspace/ip_repo/axi_wave_generator_1.0</xilinx:tag>
        <xilinx:tag xilinx:name="ui.data.coregen.dd@2cd9f236_ARCHIVE_LOCATION">c:/vivado_workspace/ip_repo/axi_wave_generator_1.0</xilinx:tag>
        <xilinx:tag xilinx:name="ui.data.coregen.dd@130424f4_ARCHIVE_LOCATION">c:/vivado_workspace/ip_repo/axi_wave_generator_1.0</xilinx:tag>
        <xilinx:tag xilinx:name="ui.data.coregen.dd@4ac8bd57_ARCHIVE_LOCATION">c:/vivado_workspace/ip_repo/axi_wave_generator_1.0</xilinx:tag>
        <xilinx:tag xilinx:name="ui.data.coregen.dd@726e2000_ARCHIVE_LOCATION">c:/vivado_workspace/ip_repo/axi_wave_generator_1.0</xilinx:tag>
        <xilinx:tag xilinx:name="ui.data.coregen.dd@29d41ce2_ARCHIVE_LOCATION">c:/vivado_workspace/ip_repo/axi_wave_generator_1.0</xilinx:tag>
        <xilinx:tag xilinx:name="ui.data.coregen.dd@22f275f4_ARCHIVE_LOCATION">c:/vivado_workspace/ip_repo/axi_wave_generator_1.0</xilinx:tag>
        <xilinx:tag xilinx:name="ui.data.coregen.dd@50e910e0_ARCHIVE_LOCATION">c:/vivado_workspace/ip_repo/axi_wave_generator_1.0</xilinx:tag>
        <xilinx:tag xilinx:name="ui.data.coregen.dd@2b4f9df4_ARCHIVE_LOCATION">c:/vivado_workspace/ip_repo/axi_wave_generator_1.0</xilinx:tag>
        <xilinx:tag xilinx:name="ui.data.coregen.dd@555d446e_ARCHIVE_LOCATION">c:/vivado_workspace/ip_repo/axi_wave_generator_1.0</xilinx:tag>
        <xilinx:tag xilinx:name="ui.data.coregen.dd@4d222a30_ARCHIVE_LOCATION">c:/vivado_workspace/ip_repo/axi_wave_generator_1.0</xilinx:tag>
        <xilinx:tag xilinx:name="ui.data.coregen.dd@493a4499_ARCHIVE_LOCATION">c:/vivado_workspace/ip_repo/axi_wave_generator_1.0</xilinx:tag>
        <xilinx:tag xilinx:name="ui.data.coregen.dd@6beab4c3_ARCHIVE_LOCATION">c:/vivado_workspace/ip_repo/axi_wave_generator_1.0</xilinx:tag>
        <xilinx:tag xilinx:name="ui.data.coregen.dd@56525a31_ARCHIVE_LOCATION">c:/vivado_workspace/ip_repo/axi_wave_generator_1.0</xilinx:tag>
        <xilinx:tag xilinx:name="ui.data.coregen.dd@4644226f_ARCHIVE_LOCATION">c:/vivado_workspace/ip_repo/axi_wave_generator_1.0</xilinx:tag>
        <xilinx:tag xilinx:name="ui.data.coregen.dd@382a334e_ARCHIVE_LOCATION">c:/vivado_workspace/ip_repo/axi_wave_generator_1.0</xilinx:tag>
        <xilinx:tag xilinx:name="ui.data.coregen.dd@4794ea2a_ARCHIVE_LOCATION">c:/vivado_workspace/ip_repo/axi_wave_generator_1.0</xilinx:tag>
        <xilinx:tag xilinx:name="ui.data.coregen.dd@87f7d57_ARCHIVE_LOCATION">c:/vivado_workspace/ip_repo/axi_wave_generator_1.0</xilinx:tag>
        <xilinx:tag xilinx:name="ui.data.coregen.dd@576a0473_ARCHIVE_LOCATION">c:/vivado_workspace/ip_repo/axi_wave_generator_1.0</xilinx:tag>
        <xilinx:tag xilinx:name="ui.data.coregen.dd@7338d90e_ARCHIVE_LOCATION">c:/vivado_workspace/ip_repo/axi_wave_generator_1.0</xilinx:tag>
        <xilinx:tag xilinx:name="ui.data.coregen.dd@48abb0be_ARCHIVE_LOCATION">c:/vivado_workspace/ip_repo/axi_wave_generator_1.0</xilinx:tag>
        <xilinx:tag xilinx:name="ui.data.coregen.dd@3bcde6c1_ARCHIVE_LOCATION">c:/vivado_workspace/ip_repo/axi_wave_generator_1.0</xilinx:tag>
        <xilinx:tag xilinx:name="ui.data.coregen.dd@31b7c630_ARCHIVE_LOCATION">c:/vivado_workspace/ip_repo/axi_wave_generator_1.0</xilinx:tag>
        <xilinx:tag xilinx:name="ui.data.coregen.dd@3cb20831_ARCHIVE_LOCATION">c:/vivado_workspace/ip_repo/axi_wave_generator_1.0</xilinx:tag>
        <xilinx:tag xilinx:name="ui.data.coregen.dd@42807443_ARCHIVE_LOCATION">c:/vivado_workspace/ip_repo/axi_wave_generator_1.0</xilinx:tag>
        <xilinx:tag xilinx:name="ui.data.coregen.dd@34573215_ARCHIVE_LOCATION">c:/vivado_workspace/ip_repo/axi_wave_generator_1.0</xilinx:tag>
        <xilinx:tag xilinx:name="ui.data.coregen.dd@196213ab_ARCHIVE_LOCATION">c:/vivado_workspace/ip_repo/axi_wave_generator_1.0</xilinx:tag>
        <xilinx:tag xilinx:name="ui.data.coregen.dd@159dde8_ARCHIVE_LOCATION">c:/vivado_workspace/ip_repo/axi_wave_generator_1.0</xilinx:tag>
        <xilinx:tag xilinx:name="ui.data.coregen.dd@193183b8_ARCHIVE_LOCATION">c:/vivado_workspace/ip_repo/axi_wave_generator_1.0</xilinx:tag>
        <xilinx:tag xilinx:name="ui.data.coregen.dd@67431eed_ARCHIVE_LOCATION">c:/vivado_workspace/ip_repo/axi_wave_generator_1.0</xilinx:tag>
        <xilinx:tag xilinx:name="ui.data.coregen.dd@5a20f3af_ARCHIVE_LOCATION">c:/vivado_workspace/ip_repo/axi_wave_generator_1.0</xilinx:tag>
        <xilinx:tag xilinx:name="ui.data.coregen.dd@7090ee8a_ARCHIVE_LOCATION">c:/vivado_workspace/ip_repo/axi_wave_generator_1.0</xilinx:tag>
      </xilinx:tags>
      <xilinx:configElementInfos>
        <xilinx:configElementInfo xilinx:referenceId="BUSIFPARAM_VALUE.S00_AXI.ADDR_WIDTH" xilinx:valueSource="auto" xilinx:valuePermission="bd"/>
        <xilinx:configElementInfo xilinx:referenceId="BUSIFPARAM_VALUE.S00_AXI.ARUSER_WIDTH" xilinx:valueSource="constant" xilinx:valuePermission="bd"/>
        <xilinx:configElementInfo xilinx:referenceId="BUSIFPARAM_VALUE.S00_AXI.AWUSER_WIDTH" xilinx:valueSource="constant" xilinx:valuePermission="bd"/>
        <xilinx:configElementInfo xilinx:referenceId="BUSIFPARAM_VALUE.S00_AXI.BUSER_WIDTH" xilinx:valueSource="constant" xilinx:valuePermission="bd"/>
        <xilinx:configElementInfo xilinx:referenceId="BUSIFPARAM_VALUE.S00_AXI.CLK_DOMAIN" xilinx:valueSource="default_prop" xilinx:valuePermission="bd"/>
        <xilinx:configElementInfo xilinx:referenceId="BUSIFPARAM_VALUE.S00_AXI.DATA_WIDTH" xilinx:valueSource="auto" xilinx:valuePermission="bd"/>
        <xilinx:configElementInfo xilinx:referenceId="BUSIFPARAM_VALUE.S00_AXI.FREQ_HZ" xilinx:valueSource="user_prop" xilinx:valuePermission="bd"/>
        <xilinx:configElementInfo xilinx:referenceId="BUSIFPARAM_VALUE.S00_AXI.HAS_BRESP" xilinx:valueSource="constant" xilinx:valuePermission="bd"/>
        <xilinx:configElementInfo xilinx:referenceId="BUSIFPARAM_VALUE.S00_AXI.HAS_BURST" xilinx:valueSource="constant" xilinx:valuePermission="bd"/>
        <xilinx:configElementInfo xilinx:referenceId="BUSIFPARAM_VALUE.S00_AXI.HAS_CACHE" xilinx:valueSource="constant" xilinx:valuePermission="bd"/>
        <xilinx:configElementInfo xilinx:referenceId="BUSIFPARAM_VALUE.S00_AXI.HAS_LOCK" xilinx:valueSource="constant" xilinx:valuePermission="bd"/>
        <xilinx:configElementInfo xilinx:referenceId="BUSIFPARAM_VALUE.S00_AXI.HAS_PROT" xilinx:valueSource="constant" xilinx:valuePermission="bd"/>
        <xilinx:configElementInfo xilinx:referenceId="BUSIFPARAM_VALUE.S00_AXI.HAS_QOS" xilinx:valueSource="constant" xilinx:valuePermission="bd"/>
        <xilinx:configElementInfo xilinx:referenceId="BUSIFPARAM_VALUE.S00_AXI.HAS_REGION" xilinx:valueSource="constant" xilinx:valuePermission="bd"/>
        <xilinx:configElementInfo xilinx:referenceId="BUSIFPARAM_VALUE.S00_AXI.HAS_RRESP" xilinx:valueSource="constant" xilinx:valuePermission="bd"/>
        <xilinx:configElementInfo xilinx:referenceId="BUSIFPARAM_VALUE.S00_AXI.HAS_WSTRB" xilinx:valueSource="constant" xilinx:valuePermission="bd"/>
        <xilinx:configElementInfo xilinx:referenceId="BUSIFPARAM_VALUE.S00_AXI.ID_WIDTH" xilinx:valueSource="constant" xilinx:valuePermission="bd"/>
        <xilinx:configElementInfo xilinx:referenceId="BUSIFPARAM_VALUE.S00_AXI.MAX_BURST_LENGTH" xilinx:valueSource="ip_propagated" xilinx:valuePermission="bd"/>
        <xilinx:configElementInfo xilinx:referenceId="BUSIFPARAM_VALUE.S00_AXI.NUM_READ_OUTSTANDING" xilinx:valueSource="default_prop" xilinx:valuePermission="bd"/>
        <xilinx:configElementInfo xilinx:referenceId="BUSIFPARAM_VALUE.S00_AXI.NUM_WRITE_OUTSTANDING" xilinx:valueSource="default_prop" xilinx:valuePermission="bd"/>
        <xilinx:configElementInfo xilinx:referenceId="BUSIFPARAM_VALUE.S00_AXI.PROTOCOL" xilinx:valueSource="constant" xilinx:valuePermission="bd"/>
        <xilinx:configElementInfo xilinx:referenceId="BUSIFPARAM_VALUE.S00_AXI.READ_WRITE_MODE" xilinx:valueSource="constant" xilinx:valuePermission="bd"/>
        <xilinx:configElementInfo xilinx:referenceId="BUSIFPARAM_VALUE.S00_AXI.RUSER_WIDTH" xilinx:valueSource="constant" xilinx:valuePermission="bd"/>
        <xilinx:configElementInfo xilinx:referenceId="BUSIFPARAM_VALUE.S00_AXI.WUSER_WIDTH" xilinx:valueSource="constant" xilinx:valuePermission="bd"/>
        <xilinx:configElementInfo xilinx:referenceId="BUSIFPARAM_VALUE.S00_AXI_CLK.CLK_DOMAIN" xilinx:valueSource="default_prop" xilinx:valuePermission="bd"/>
        <xilinx:configElementInfo xilinx:referenceId="BUSIFPARAM_VALUE.S00_AXI_CLK.FREQ_HZ" xilinx:valueSource="user_prop" xilinx:valuePermission="bd"/>
      </xilinx:configElementInfos>
    </xilinx:coreExtensions>
    <xilinx:packagingInfo>
      <xilinx:xilinxVersion>2019.1</xilinx:xilinxVersion>
      <xilinx:checksum xilinx:scope="busInterfaces" xilinx:value="b1c5cd83"/>
      <xilinx:checksum xilinx:scope="memoryMaps" xilinx:value="ed1368d5"/>
      <xilinx:checksum xilinx:scope="fileGroups" xilinx:value="aff97b46"/>
      <xilinx:checksum xilinx:scope="ports" xilinx:value="aa312806"/>
      <xilinx:checksum xilinx:scope="hdlParameters" xilinx:value="6992ea72"/>
      <xilinx:checksum xilinx:scope="parameters" xilinx:value="d33baba0"/>
    </xilinx:packagingInfo>
  </spirit:vendorExtensions>
</spirit:component>
