<?xml version="1.0" encoding="UTF-8"?>
<!-- Product Version: Vivado v2019.1 (64-bit)                     -->
<!--                                                              -->
<!-- Copyright 1986-2019 Xilinx, Inc. All Rights Reserved.        -->

<hwsession version="1" minor="2">
  <device name="xc7z020_1" gui_info="dashboard1=hw_ila_1[xc7z020_1/hw_ila_1/Waveform=ILA_WAVE_1;xc7z020_1/hw_ila_1/Capture Setup=ILA_CAPTURE_1;xc7z020_1/hw_ila_1/Status=ILA_STATUS_1;xc7z020_1/hw_ila_1/Trigger Setup=ILA_TRIGGER_1;xc7z020_1/hw_ila_1/Settings=ILA_SETTINGS_1;]"/>
  <ObjectList object_type="hw_device" gui_info="">
    <Object name="xc7z020_1" gui_info="">
      <Properties Property="FULL_PROBES.FILE" value="$_project_name_.runs/impl_1/system_wrapper.ltx"/>
      <Properties Property="PROBES.FILE" value="$_project_name_.runs/impl_1/system_wrapper.ltx"/>
      <Properties Property="PROGRAM.HW_BITSTREAM" value="$_project_name_.runs/impl_1/system_wrapper.bit"/>
      <Properties Property="SLR.COUNT" value="1"/>
    </Object>
  </ObjectList>
  <ObjectList object_type="hw_ila" gui_info="">
    <Object name="system_i/system_ila_0/inst/ila_lib" gui_info="">
      <Properties Property="CONTROL.TRIGGER_CONDITION" value="AND"/>
      <Properties Property="CORE_REFRESH_RATE_MS" value="500"/>
    </Object>
    <Object name="u_ila_0" gui_info="">
      <Properties Property="CONTROL.TRIGGER_CONDITION" value="AND"/>
      <Properties Property="CORE_REFRESH_RATE_MS" value="500"/>
    </Object>
  </ObjectList>
  <probeset name="hw project" active="false">
    <probe type="ila" busType="bus" source="netlist" spec="ILA_V2_RT">
      <probeOptions Id="DebugProbeParams">
        <Option Id="CAPTURE_COMPARE_VALUE" value="eq32&apos;hXXXX_XXXX"/>
        <Option Id="COMPARE_VALUE.0" value="eq32&apos;hXXXX_XXXX"/>
        <Option Id="DISPLAY_AS_ENUM" value="1"/>
        <Option Id="DISPLAY_HINT" value=""/>
        <Option Id="DISPLAY_RADIX" value="HEX"/>
        <Option Id="DISPLAY_VISIBILITY" value=""/>
        <Option Id="HW_ILA" value="u_ila_0"/>
        <Option Id="LINK_TO_WAVEFORM" value="1"/>
        <Option Id="MAP" value="probe4[31:0]"/>
        <Option Id="NAME.CUSTOM" value=""/>
        <Option Id="NAME.SELECT" value="Long"/>
        <Option Id="SOURCE" value="netlist"/>
        <Option Id="TRIGGER_COMPARE_VALUE" value="eq32&apos;hXXXX_XXXX"/>
        <Option Id="WAVEFORM_STYLE" value="Analog"/>
      </probeOptions>
      <nets>
        <net name="system_i/axi_wave_generator_0/s00_axi_rdata[31]"/>
        <net name="system_i/axi_wave_generator_0/s00_axi_rdata[30]"/>
        <net name="system_i/axi_wave_generator_0/s00_axi_rdata[29]"/>
        <net name="system_i/axi_wave_generator_0/s00_axi_rdata[28]"/>
        <net name="system_i/axi_wave_generator_0/s00_axi_rdata[27]"/>
        <net name="system_i/axi_wave_generator_0/s00_axi_rdata[26]"/>
        <net name="system_i/axi_wave_generator_0/s00_axi_rdata[25]"/>
        <net name="system_i/axi_wave_generator_0/s00_axi_rdata[24]"/>
        <net name="system_i/axi_wave_generator_0/s00_axi_rdata[23]"/>
        <net name="system_i/axi_wave_generator_0/s00_axi_rdata[22]"/>
        <net name="system_i/axi_wave_generator_0/s00_axi_rdata[21]"/>
        <net name="system_i/axi_wave_generator_0/s00_axi_rdata[20]"/>
        <net name="system_i/axi_wave_generator_0/s00_axi_rdata[19]"/>
        <net name="system_i/axi_wave_generator_0/s00_axi_rdata[18]"/>
        <net name="system_i/axi_wave_generator_0/s00_axi_rdata[17]"/>
        <net name="system_i/axi_wave_generator_0/s00_axi_rdata[16]"/>
        <net name="system_i/axi_wave_generator_0/s00_axi_rdata[15]"/>
        <net name="system_i/axi_wave_generator_0/s00_axi_rdata[14]"/>
        <net name="system_i/axi_wave_generator_0/s00_axi_rdata[13]"/>
        <net name="system_i/axi_wave_generator_0/s00_axi_rdata[12]"/>
        <net name="system_i/axi_wave_generator_0/s00_axi_rdata[11]"/>
        <net name="system_i/axi_wave_generator_0/s00_axi_rdata[10]"/>
        <net name="system_i/axi_wave_generator_0/s00_axi_rdata[9]"/>
        <net name="system_i/axi_wave_generator_0/s00_axi_rdata[8]"/>
        <net name="system_i/axi_wave_generator_0/s00_axi_rdata[7]"/>
        <net name="system_i/axi_wave_generator_0/s00_axi_rdata[6]"/>
        <net name="system_i/axi_wave_generator_0/s00_axi_rdata[5]"/>
        <net name="system_i/axi_wave_generator_0/s00_axi_rdata[4]"/>
        <net name="system_i/axi_wave_generator_0/s00_axi_rdata[3]"/>
        <net name="system_i/axi_wave_generator_0/s00_axi_rdata[2]"/>
        <net name="system_i/axi_wave_generator_0/s00_axi_rdata[1]"/>
        <net name="system_i/axi_wave_generator_0/s00_axi_rdata[0]"/>
      </nets>
    </probe>
    <probe type="ila" busType="bus" source="netlist" spec="ILA_V2_RT">
      <probeOptions Id="DebugProbeParams">
        <Option Id="CAPTURE_COMPARE_VALUE" value="eq1&apos;bX"/>
        <Option Id="COMPARE_VALUE.0" value="eq1&apos;bX"/>
        <Option Id="DISPLAY_AS_ENUM" value="1"/>
        <Option Id="DISPLAY_HINT" value=""/>
        <Option Id="DISPLAY_RADIX" value="HEX"/>
        <Option Id="DISPLAY_VISIBILITY" value=""/>
        <Option Id="HW_ILA" value="u_ila_0"/>
        <Option Id="LINK_TO_WAVEFORM" value="1"/>
        <Option Id="MAP" value="probe1[31]"/>
        <Option Id="NAME.CUSTOM" value=""/>
        <Option Id="NAME.SELECT" value="Long"/>
        <Option Id="SOURCE" value="netlist"/>
        <Option Id="TRIGGER_COMPARE_VALUE" value="eq1&apos;bX"/>
        <Option Id="WAVEFORM_STYLE" value="Digital"/>
      </probeOptions>
      <nets>
        <net name="system_i/axi_wave_generator_0/s00_axi_wdata[31]"/>
      </nets>
    </probe>
    <probe type="ila" busType="bus" source="netlist" spec="ILA_V2_RT">
      <probeOptions Id="DebugProbeParams">
        <Option Id="CAPTURE_COMPARE_VALUE" value="eq1&apos;bX"/>
        <Option Id="COMPARE_VALUE.0" value="eq1&apos;bX"/>
        <Option Id="DISPLAY_AS_ENUM" value="1"/>
        <Option Id="DISPLAY_HINT" value=""/>
        <Option Id="DISPLAY_RADIX" value="HEX"/>
        <Option Id="DISPLAY_VISIBILITY" value=""/>
        <Option Id="HW_ILA" value="u_ila_0"/>
        <Option Id="LINK_TO_WAVEFORM" value="1"/>
        <Option Id="MAP" value="probe1[0]"/>
        <Option Id="NAME.CUSTOM" value=""/>
        <Option Id="NAME.SELECT" value="Long"/>
        <Option Id="SOURCE" value="netlist"/>
        <Option Id="TRIGGER_COMPARE_VALUE" value="eq1&apos;bX"/>
        <Option Id="WAVEFORM_STYLE" value="Digital"/>
      </probeOptions>
      <nets>
        <net name="system_i/axi_wave_generator_0/s00_axi_wdata_1[0]"/>
      </nets>
    </probe>
    <probe type="ila" busType="net" source="netlist" spec="ILA_V2_RT">
      <probeOptions Id="DebugProbeParams">
        <Option Id="CAPTURE_COMPARE_VALUE" value="eq32&apos;hXXXX_XXXX"/>
        <Option Id="COMPARE_VALUE.0" value="eq32&apos;hXXXX_XXXX"/>
        <Option Id="DISPLAY_AS_ENUM" value="1"/>
        <Option Id="DISPLAY_HINT" value=""/>
        <Option Id="DISPLAY_RADIX" value="HEX"/>
        <Option Id="DISPLAY_VISIBILITY" value=""/>
        <Option Id="HW_ILA" value="system_i/ila_0"/>
        <Option Id="LINK_TO_WAVEFORM" value="1"/>
        <Option Id="MAP" value="probe5[31:0]"/>
        <Option Id="NAME.CUSTOM" value=""/>
        <Option Id="NAME.SELECT" value="Long"/>
        <Option Id="SOURCE" value="netlist"/>
        <Option Id="TRIGGER_COMPARE_VALUE" value="eq32&apos;hXXXX_XXXX"/>
        <Option Id="WAVEFORM_STYLE" value="Digital"/>
      </probeOptions>
      <nets>
        <net name="system_i/ps7_0_axi_periph_M01_AXI_ARADDR[31]"/>
        <net name="system_i/ps7_0_axi_periph_M01_AXI_ARADDR[30]"/>
        <net name="system_i/ps7_0_axi_periph_M01_AXI_ARADDR[29]"/>
        <net name="system_i/ps7_0_axi_periph_M01_AXI_ARADDR[28]"/>
        <net name="system_i/ps7_0_axi_periph_M01_AXI_ARADDR[27]"/>
        <net name="system_i/ps7_0_axi_periph_M01_AXI_ARADDR[26]"/>
        <net name="system_i/ps7_0_axi_periph_M01_AXI_ARADDR[25]"/>
        <net name="system_i/ps7_0_axi_periph_M01_AXI_ARADDR[24]"/>
        <net name="system_i/ps7_0_axi_periph_M01_AXI_ARADDR[23]"/>
        <net name="system_i/ps7_0_axi_periph_M01_AXI_ARADDR[22]"/>
        <net name="system_i/ps7_0_axi_periph_M01_AXI_ARADDR[21]"/>
        <net name="system_i/ps7_0_axi_periph_M01_AXI_ARADDR[20]"/>
        <net name="system_i/ps7_0_axi_periph_M01_AXI_ARADDR[19]"/>
        <net name="system_i/ps7_0_axi_periph_M01_AXI_ARADDR[18]"/>
        <net name="system_i/ps7_0_axi_periph_M01_AXI_ARADDR[17]"/>
        <net name="system_i/ps7_0_axi_periph_M01_AXI_ARADDR[16]"/>
        <net name="system_i/ps7_0_axi_periph_M01_AXI_ARADDR[15]"/>
        <net name="system_i/ps7_0_axi_periph_M01_AXI_ARADDR[14]"/>
        <net name="system_i/ps7_0_axi_periph_M01_AXI_ARADDR[13]"/>
        <net name="system_i/ps7_0_axi_periph_M01_AXI_ARADDR[12]"/>
        <net name="system_i/ps7_0_axi_periph_M01_AXI_ARADDR[11]"/>
        <net name="system_i/ps7_0_axi_periph_M01_AXI_ARADDR[10]"/>
        <net name="system_i/ps7_0_axi_periph_M01_AXI_ARADDR[9]"/>
        <net name="system_i/ps7_0_axi_periph_M01_AXI_ARADDR[8]"/>
        <net name="system_i/ps7_0_axi_periph_M01_AXI_ARADDR[7]"/>
        <net name="system_i/ps7_0_axi_periph_M01_AXI_ARADDR[6]"/>
        <net name="system_i/ps7_0_axi_periph_M01_AXI_ARADDR[5]"/>
        <net name="system_i/ps7_0_axi_periph_M01_AXI_ARADDR[4]"/>
        <net name="system_i/ps7_0_axi_periph_M01_AXI_ARADDR[3]"/>
        <net name="system_i/ps7_0_axi_periph_M01_AXI_ARADDR[2]"/>
        <net name="system_i/ps7_0_axi_periph_M01_AXI_ARADDR[1]"/>
        <net name="system_i/ps7_0_axi_periph_M01_AXI_ARADDR[0]"/>
      </nets>
    </probe>
    <probe type="ila" busType="net" source="netlist" spec="ILA_V2_RT">
      <probeOptions Id="DebugProbeParams">
        <Option Id="CAPTURE_COMPARE_VALUE" value="eq3&apos;hX"/>
        <Option Id="COMPARE_VALUE.0" value="eq3&apos;hX"/>
        <Option Id="DISPLAY_AS_ENUM" value="1"/>
        <Option Id="DISPLAY_HINT" value=""/>
        <Option Id="DISPLAY_RADIX" value="HEX"/>
        <Option Id="DISPLAY_VISIBILITY" value=""/>
        <Option Id="HW_ILA" value="system_i/ila_0"/>
        <Option Id="LINK_TO_WAVEFORM" value="1"/>
        <Option Id="MAP" value="probe17[2:0]"/>
        <Option Id="NAME.CUSTOM" value=""/>
        <Option Id="NAME.SELECT" value="Long"/>
        <Option Id="SOURCE" value="netlist"/>
        <Option Id="TRIGGER_COMPARE_VALUE" value="eq3&apos;hX"/>
        <Option Id="WAVEFORM_STYLE" value="Digital"/>
      </probeOptions>
      <nets>
        <net name="system_i/ps7_0_axi_periph_M01_AXI_ARPROT[2]"/>
        <net name="system_i/ps7_0_axi_periph_M01_AXI_ARPROT[1]"/>
        <net name="system_i/ps7_0_axi_periph_M01_AXI_ARPROT[0]"/>
      </nets>
    </probe>
    <probe type="ila" busType="net" source="netlist" spec="ILA_V2_RT">
      <probeOptions Id="DebugProbeParams">
        <Option Id="CAPTURE_COMPARE_VALUE" value="eq1&apos;bX"/>
        <Option Id="COMPARE_VALUE.0" value="eq1&apos;bX"/>
        <Option Id="DISPLAY_AS_ENUM" value="1"/>
        <Option Id="DISPLAY_HINT" value=""/>
        <Option Id="DISPLAY_RADIX" value="HEX"/>
        <Option Id="DISPLAY_VISIBILITY" value=""/>
        <Option Id="HW_ILA" value="system_i/ila_0"/>
        <Option Id="LINK_TO_WAVEFORM" value="1"/>
        <Option Id="MAP" value="probe9[0]"/>
        <Option Id="NAME.CUSTOM" value=""/>
        <Option Id="NAME.SELECT" value="Long"/>
        <Option Id="SOURCE" value="netlist"/>
        <Option Id="TRIGGER_COMPARE_VALUE" value="eq1&apos;bX"/>
        <Option Id="WAVEFORM_STYLE" value="Digital"/>
      </probeOptions>
      <nets>
        <net name="system_i/ps7_0_axi_periph_M01_AXI_ARREADY"/>
      </nets>
    </probe>
    <probe type="ila" busType="net" source="netlist" spec="ILA_V2_RT">
      <probeOptions Id="DebugProbeParams">
        <Option Id="CAPTURE_COMPARE_VALUE" value="eq1&apos;bX"/>
        <Option Id="COMPARE_VALUE.0" value="eq1&apos;bX"/>
        <Option Id="DISPLAY_AS_ENUM" value="1"/>
        <Option Id="DISPLAY_HINT" value=""/>
        <Option Id="DISPLAY_RADIX" value="HEX"/>
        <Option Id="DISPLAY_VISIBILITY" value=""/>
        <Option Id="HW_ILA" value="system_i/ila_0"/>
        <Option Id="LINK_TO_WAVEFORM" value="1"/>
        <Option Id="MAP" value="probe8[0]"/>
        <Option Id="NAME.CUSTOM" value=""/>
        <Option Id="NAME.SELECT" value="Long"/>
        <Option Id="SOURCE" value="netlist"/>
        <Option Id="TRIGGER_COMPARE_VALUE" value="eq1&apos;bX"/>
        <Option Id="WAVEFORM_STYLE" value="Digital"/>
      </probeOptions>
      <nets>
        <net name="system_i/ps7_0_axi_periph_M01_AXI_ARVALID"/>
      </nets>
    </probe>
    <probe type="ila" busType="net" source="netlist" spec="ILA_V2_RT">
      <probeOptions Id="DebugProbeParams">
        <Option Id="CAPTURE_COMPARE_VALUE" value="eq32&apos;hXXXX_XXXX"/>
        <Option Id="COMPARE_VALUE.0" value="eq32&apos;hXXXX_XXXX"/>
        <Option Id="DISPLAY_AS_ENUM" value="1"/>
        <Option Id="DISPLAY_HINT" value=""/>
        <Option Id="DISPLAY_RADIX" value="HEX"/>
        <Option Id="DISPLAY_VISIBILITY" value=""/>
        <Option Id="HW_ILA" value="system_i/ila_0"/>
        <Option Id="LINK_TO_WAVEFORM" value="1"/>
        <Option Id="MAP" value="probe1[31:0]"/>
        <Option Id="NAME.CUSTOM" value=""/>
        <Option Id="NAME.SELECT" value="Long"/>
        <Option Id="SOURCE" value="netlist"/>
        <Option Id="TRIGGER_COMPARE_VALUE" value="eq32&apos;hXXXX_XXXX"/>
        <Option Id="WAVEFORM_STYLE" value="Digital"/>
      </probeOptions>
      <nets>
        <net name="system_i/ps7_0_axi_periph_M01_AXI_AWADDR[31]"/>
        <net name="system_i/ps7_0_axi_periph_M01_AXI_AWADDR[30]"/>
        <net name="system_i/ps7_0_axi_periph_M01_AXI_AWADDR[29]"/>
        <net name="system_i/ps7_0_axi_periph_M01_AXI_AWADDR[28]"/>
        <net name="system_i/ps7_0_axi_periph_M01_AXI_AWADDR[27]"/>
        <net name="system_i/ps7_0_axi_periph_M01_AXI_AWADDR[26]"/>
        <net name="system_i/ps7_0_axi_periph_M01_AXI_AWADDR[25]"/>
        <net name="system_i/ps7_0_axi_periph_M01_AXI_AWADDR[24]"/>
        <net name="system_i/ps7_0_axi_periph_M01_AXI_AWADDR[23]"/>
        <net name="system_i/ps7_0_axi_periph_M01_AXI_AWADDR[22]"/>
        <net name="system_i/ps7_0_axi_periph_M01_AXI_AWADDR[21]"/>
        <net name="system_i/ps7_0_axi_periph_M01_AXI_AWADDR[20]"/>
        <net name="system_i/ps7_0_axi_periph_M01_AXI_AWADDR[19]"/>
        <net name="system_i/ps7_0_axi_periph_M01_AXI_AWADDR[18]"/>
        <net name="system_i/ps7_0_axi_periph_M01_AXI_AWADDR[17]"/>
        <net name="system_i/ps7_0_axi_periph_M01_AXI_AWADDR[16]"/>
        <net name="system_i/ps7_0_axi_periph_M01_AXI_AWADDR[15]"/>
        <net name="system_i/ps7_0_axi_periph_M01_AXI_AWADDR[14]"/>
        <net name="system_i/ps7_0_axi_periph_M01_AXI_AWADDR[13]"/>
        <net name="system_i/ps7_0_axi_periph_M01_AXI_AWADDR[12]"/>
        <net name="system_i/ps7_0_axi_periph_M01_AXI_AWADDR[11]"/>
        <net name="system_i/ps7_0_axi_periph_M01_AXI_AWADDR[10]"/>
        <net name="system_i/ps7_0_axi_periph_M01_AXI_AWADDR[9]"/>
        <net name="system_i/ps7_0_axi_periph_M01_AXI_AWADDR[8]"/>
        <net name="system_i/ps7_0_axi_periph_M01_AXI_AWADDR[7]"/>
        <net name="system_i/ps7_0_axi_periph_M01_AXI_AWADDR[6]"/>
        <net name="system_i/ps7_0_axi_periph_M01_AXI_AWADDR[5]"/>
        <net name="system_i/ps7_0_axi_periph_M01_AXI_AWADDR[4]"/>
        <net name="system_i/ps7_0_axi_periph_M01_AXI_AWADDR[3]"/>
        <net name="system_i/ps7_0_axi_periph_M01_AXI_AWADDR[2]"/>
        <net name="system_i/ps7_0_axi_periph_M01_AXI_AWADDR[1]"/>
        <net name="system_i/ps7_0_axi_periph_M01_AXI_AWADDR[0]"/>
      </nets>
    </probe>
    <probe type="ila" busType="net" source="netlist" spec="ILA_V2_RT">
      <probeOptions Id="DebugProbeParams">
        <Option Id="CAPTURE_COMPARE_VALUE" value="eq3&apos;hX"/>
        <Option Id="COMPARE_VALUE.0" value="eq3&apos;hX"/>
        <Option Id="DISPLAY_AS_ENUM" value="1"/>
        <Option Id="DISPLAY_HINT" value=""/>
        <Option Id="DISPLAY_RADIX" value="HEX"/>
        <Option Id="DISPLAY_VISIBILITY" value=""/>
        <Option Id="HW_ILA" value="system_i/ila_0"/>
        <Option Id="LINK_TO_WAVEFORM" value="1"/>
        <Option Id="MAP" value="probe18[2:0]"/>
        <Option Id="NAME.CUSTOM" value=""/>
        <Option Id="NAME.SELECT" value="Long"/>
        <Option Id="SOURCE" value="netlist"/>
        <Option Id="TRIGGER_COMPARE_VALUE" value="eq3&apos;hX"/>
        <Option Id="WAVEFORM_STYLE" value="Digital"/>
      </probeOptions>
      <nets>
        <net name="system_i/ps7_0_axi_periph_M01_AXI_AWPROT[2]"/>
        <net name="system_i/ps7_0_axi_periph_M01_AXI_AWPROT[1]"/>
        <net name="system_i/ps7_0_axi_periph_M01_AXI_AWPROT[0]"/>
      </nets>
    </probe>
    <probe type="ila" busType="net" source="netlist" spec="ILA_V2_RT">
      <probeOptions Id="DebugProbeParams">
        <Option Id="CAPTURE_COMPARE_VALUE" value="eq1&apos;bX"/>
        <Option Id="COMPARE_VALUE.0" value="eq1&apos;bX"/>
        <Option Id="DISPLAY_AS_ENUM" value="1"/>
        <Option Id="DISPLAY_HINT" value=""/>
        <Option Id="DISPLAY_RADIX" value="HEX"/>
        <Option Id="DISPLAY_VISIBILITY" value=""/>
        <Option Id="HW_ILA" value="system_i/ila_0"/>
        <Option Id="LINK_TO_WAVEFORM" value="1"/>
        <Option Id="MAP" value="probe12[0]"/>
        <Option Id="NAME.CUSTOM" value=""/>
        <Option Id="NAME.SELECT" value="Long"/>
        <Option Id="SOURCE" value="netlist"/>
        <Option Id="TRIGGER_COMPARE_VALUE" value="eq1&apos;bX"/>
        <Option Id="WAVEFORM_STYLE" value="Digital"/>
      </probeOptions>
      <nets>
        <net name="system_i/ps7_0_axi_periph_M01_AXI_AWREADY"/>
      </nets>
    </probe>
    <probe type="ila" busType="net" source="netlist" spec="ILA_V2_RT">
      <probeOptions Id="DebugProbeParams">
        <Option Id="CAPTURE_COMPARE_VALUE" value="eq1&apos;bX"/>
        <Option Id="COMPARE_VALUE.0" value="eq1&apos;bX"/>
        <Option Id="DISPLAY_AS_ENUM" value="1"/>
        <Option Id="DISPLAY_HINT" value=""/>
        <Option Id="DISPLAY_RADIX" value="HEX"/>
        <Option Id="DISPLAY_VISIBILITY" value=""/>
        <Option Id="HW_ILA" value="system_i/ila_0"/>
        <Option Id="LINK_TO_WAVEFORM" value="1"/>
        <Option Id="MAP" value="probe11[0]"/>
        <Option Id="NAME.CUSTOM" value=""/>
        <Option Id="NAME.SELECT" value="Long"/>
        <Option Id="SOURCE" value="netlist"/>
        <Option Id="TRIGGER_COMPARE_VALUE" value="eq1&apos;bX"/>
        <Option Id="WAVEFORM_STYLE" value="Digital"/>
      </probeOptions>
      <nets>
        <net name="system_i/ps7_0_axi_periph_M01_AXI_AWVALID"/>
      </nets>
    </probe>
    <probe type="ila" busType="net" source="netlist" spec="ILA_V2_RT">
      <probeOptions Id="DebugProbeParams">
        <Option Id="CAPTURE_COMPARE_VALUE" value="eq1&apos;bX"/>
        <Option Id="COMPARE_VALUE.0" value="eq1&apos;bX"/>
        <Option Id="DISPLAY_AS_ENUM" value="1"/>
        <Option Id="DISPLAY_HINT" value=""/>
        <Option Id="DISPLAY_RADIX" value="HEX"/>
        <Option Id="DISPLAY_VISIBILITY" value=""/>
        <Option Id="HW_ILA" value="system_i/ila_0"/>
        <Option Id="LINK_TO_WAVEFORM" value="1"/>
        <Option Id="MAP" value="probe4[0]"/>
        <Option Id="NAME.CUSTOM" value=""/>
        <Option Id="NAME.SELECT" value="Long"/>
        <Option Id="SOURCE" value="netlist"/>
        <Option Id="TRIGGER_COMPARE_VALUE" value="eq1&apos;bX"/>
        <Option Id="WAVEFORM_STYLE" value="Digital"/>
      </probeOptions>
      <nets>
        <net name="system_i/ps7_0_axi_periph_M01_AXI_BREADY"/>
      </nets>
    </probe>
    <probe type="ila" busType="net" source="netlist" spec="ILA_V2_RT">
      <probeOptions Id="DebugProbeParams">
        <Option Id="CAPTURE_COMPARE_VALUE" value="eq2&apos;hX"/>
        <Option Id="COMPARE_VALUE.0" value="eq2&apos;hX"/>
        <Option Id="DISPLAY_AS_ENUM" value="1"/>
        <Option Id="DISPLAY_HINT" value=""/>
        <Option Id="DISPLAY_RADIX" value="HEX"/>
        <Option Id="DISPLAY_VISIBILITY" value=""/>
        <Option Id="HW_ILA" value="system_i/ila_0"/>
        <Option Id="LINK_TO_WAVEFORM" value="1"/>
        <Option Id="MAP" value="probe2[1:0]"/>
        <Option Id="NAME.CUSTOM" value=""/>
        <Option Id="NAME.SELECT" value="Long"/>
        <Option Id="SOURCE" value="netlist"/>
        <Option Id="TRIGGER_COMPARE_VALUE" value="eq2&apos;hX"/>
        <Option Id="WAVEFORM_STYLE" value="Digital"/>
      </probeOptions>
      <nets>
        <net name="system_i/ps7_0_axi_periph_M01_AXI_BRESP[1]"/>
        <net name="system_i/ps7_0_axi_periph_M01_AXI_BRESP[0]"/>
      </nets>
    </probe>
    <probe type="ila" busType="net" source="netlist" spec="ILA_V2_RT">
      <probeOptions Id="DebugProbeParams">
        <Option Id="CAPTURE_COMPARE_VALUE" value="eq1&apos;bX"/>
        <Option Id="COMPARE_VALUE.0" value="eq1&apos;bX"/>
        <Option Id="DISPLAY_AS_ENUM" value="1"/>
        <Option Id="DISPLAY_HINT" value=""/>
        <Option Id="DISPLAY_RADIX" value="HEX"/>
        <Option Id="DISPLAY_VISIBILITY" value=""/>
        <Option Id="HW_ILA" value="system_i/ila_0"/>
        <Option Id="LINK_TO_WAVEFORM" value="1"/>
        <Option Id="MAP" value="probe3[0]"/>
        <Option Id="NAME.CUSTOM" value=""/>
        <Option Id="NAME.SELECT" value="Long"/>
        <Option Id="SOURCE" value="netlist"/>
        <Option Id="TRIGGER_COMPARE_VALUE" value="eq1&apos;bX"/>
        <Option Id="WAVEFORM_STYLE" value="Digital"/>
      </probeOptions>
      <nets>
        <net name="system_i/ps7_0_axi_periph_M01_AXI_BVALID"/>
      </nets>
    </probe>
    <probe type="ila" busType="net" source="netlist" spec="ILA_V2_RT">
      <probeOptions Id="DebugProbeParams">
        <Option Id="CAPTURE_COMPARE_VALUE" value="eq32&apos;hXXXX_XXXX"/>
        <Option Id="COMPARE_VALUE.0" value="eq32&apos;hXXXX_XXXX"/>
        <Option Id="DISPLAY_AS_ENUM" value="1"/>
        <Option Id="DISPLAY_HINT" value=""/>
        <Option Id="DISPLAY_RADIX" value="HEX"/>
        <Option Id="DISPLAY_VISIBILITY" value=""/>
        <Option Id="HW_ILA" value="system_i/ila_0"/>
        <Option Id="LINK_TO_WAVEFORM" value="1"/>
        <Option Id="MAP" value="probe10[31:0]"/>
        <Option Id="NAME.CUSTOM" value=""/>
        <Option Id="NAME.SELECT" value="Long"/>
        <Option Id="SOURCE" value="netlist"/>
        <Option Id="TRIGGER_COMPARE_VALUE" value="eq32&apos;hXXXX_XXXX"/>
        <Option Id="WAVEFORM_STYLE" value="Digital"/>
      </probeOptions>
      <nets>
        <net name="system_i/ps7_0_axi_periph_M01_AXI_RDATA[31]"/>
        <net name="system_i/ps7_0_axi_periph_M01_AXI_RDATA[30]"/>
        <net name="system_i/ps7_0_axi_periph_M01_AXI_RDATA[29]"/>
        <net name="system_i/ps7_0_axi_periph_M01_AXI_RDATA[28]"/>
        <net name="system_i/ps7_0_axi_periph_M01_AXI_RDATA[27]"/>
        <net name="system_i/ps7_0_axi_periph_M01_AXI_RDATA[26]"/>
        <net name="system_i/ps7_0_axi_periph_M01_AXI_RDATA[25]"/>
        <net name="system_i/ps7_0_axi_periph_M01_AXI_RDATA[24]"/>
        <net name="system_i/ps7_0_axi_periph_M01_AXI_RDATA[23]"/>
        <net name="system_i/ps7_0_axi_periph_M01_AXI_RDATA[22]"/>
        <net name="system_i/ps7_0_axi_periph_M01_AXI_RDATA[21]"/>
        <net name="system_i/ps7_0_axi_periph_M01_AXI_RDATA[20]"/>
        <net name="system_i/ps7_0_axi_periph_M01_AXI_RDATA[19]"/>
        <net name="system_i/ps7_0_axi_periph_M01_AXI_RDATA[18]"/>
        <net name="system_i/ps7_0_axi_periph_M01_AXI_RDATA[17]"/>
        <net name="system_i/ps7_0_axi_periph_M01_AXI_RDATA[16]"/>
        <net name="system_i/ps7_0_axi_periph_M01_AXI_RDATA[15]"/>
        <net name="system_i/ps7_0_axi_periph_M01_AXI_RDATA[14]"/>
        <net name="system_i/ps7_0_axi_periph_M01_AXI_RDATA[13]"/>
        <net name="system_i/ps7_0_axi_periph_M01_AXI_RDATA[12]"/>
        <net name="system_i/ps7_0_axi_periph_M01_AXI_RDATA[11]"/>
        <net name="system_i/ps7_0_axi_periph_M01_AXI_RDATA[10]"/>
        <net name="system_i/ps7_0_axi_periph_M01_AXI_RDATA[9]"/>
        <net name="system_i/ps7_0_axi_periph_M01_AXI_RDATA[8]"/>
        <net name="system_i/ps7_0_axi_periph_M01_AXI_RDATA[7]"/>
        <net name="system_i/ps7_0_axi_periph_M01_AXI_RDATA[6]"/>
        <net name="system_i/ps7_0_axi_periph_M01_AXI_RDATA[5]"/>
        <net name="system_i/ps7_0_axi_periph_M01_AXI_RDATA[4]"/>
        <net name="system_i/ps7_0_axi_periph_M01_AXI_RDATA[3]"/>
        <net name="system_i/ps7_0_axi_periph_M01_AXI_RDATA[2]"/>
        <net name="system_i/ps7_0_axi_periph_M01_AXI_RDATA[1]"/>
        <net name="system_i/ps7_0_axi_periph_M01_AXI_RDATA[0]"/>
      </nets>
    </probe>
    <probe type="ila" busType="net" source="netlist" spec="ILA_V2_RT">
      <probeOptions Id="DebugProbeParams">
        <Option Id="CAPTURE_COMPARE_VALUE" value="eq1&apos;bX"/>
        <Option Id="COMPARE_VALUE.0" value="eq1&apos;bX"/>
        <Option Id="DISPLAY_AS_ENUM" value="1"/>
        <Option Id="DISPLAY_HINT" value=""/>
        <Option Id="DISPLAY_RADIX" value="HEX"/>
        <Option Id="DISPLAY_VISIBILITY" value=""/>
        <Option Id="HW_ILA" value="system_i/ila_0"/>
        <Option Id="LINK_TO_WAVEFORM" value="1"/>
        <Option Id="MAP" value="probe6[0]"/>
        <Option Id="NAME.CUSTOM" value=""/>
        <Option Id="NAME.SELECT" value="Long"/>
        <Option Id="SOURCE" value="netlist"/>
        <Option Id="TRIGGER_COMPARE_VALUE" value="eq1&apos;bX"/>
        <Option Id="WAVEFORM_STYLE" value="Digital"/>
      </probeOptions>
      <nets>
        <net name="system_i/ps7_0_axi_periph_M01_AXI_RREADY"/>
      </nets>
    </probe>
    <probe type="ila" busType="net" source="netlist" spec="ILA_V2_RT">
      <probeOptions Id="DebugProbeParams">
        <Option Id="CAPTURE_COMPARE_VALUE" value="eq2&apos;hX"/>
        <Option Id="COMPARE_VALUE.0" value="eq2&apos;hX"/>
        <Option Id="DISPLAY_AS_ENUM" value="1"/>
        <Option Id="DISPLAY_HINT" value=""/>
        <Option Id="DISPLAY_RADIX" value="HEX"/>
        <Option Id="DISPLAY_VISIBILITY" value=""/>
        <Option Id="HW_ILA" value="system_i/ila_0"/>
        <Option Id="LINK_TO_WAVEFORM" value="1"/>
        <Option Id="MAP" value="probe13[1:0]"/>
        <Option Id="NAME.CUSTOM" value=""/>
        <Option Id="NAME.SELECT" value="Long"/>
        <Option Id="SOURCE" value="netlist"/>
        <Option Id="TRIGGER_COMPARE_VALUE" value="eq2&apos;hX"/>
        <Option Id="WAVEFORM_STYLE" value="Digital"/>
      </probeOptions>
      <nets>
        <net name="system_i/ps7_0_axi_periph_M01_AXI_RRESP[1]"/>
        <net name="system_i/ps7_0_axi_periph_M01_AXI_RRESP[0]"/>
      </nets>
    </probe>
    <probe type="ila" busType="net" source="netlist" spec="ILA_V2_RT">
      <probeOptions Id="DebugProbeParams">
        <Option Id="CAPTURE_COMPARE_VALUE" value="eq1&apos;bX"/>
        <Option Id="COMPARE_VALUE.0" value="eq1&apos;bX"/>
        <Option Id="DISPLAY_AS_ENUM" value="1"/>
        <Option Id="DISPLAY_HINT" value=""/>
        <Option Id="DISPLAY_RADIX" value="HEX"/>
        <Option Id="DISPLAY_VISIBILITY" value=""/>
        <Option Id="HW_ILA" value="system_i/ila_0"/>
        <Option Id="LINK_TO_WAVEFORM" value="1"/>
        <Option Id="MAP" value="probe16[0]"/>
        <Option Id="NAME.CUSTOM" value=""/>
        <Option Id="NAME.SELECT" value="Long"/>
        <Option Id="SOURCE" value="netlist"/>
        <Option Id="TRIGGER_COMPARE_VALUE" value="eq1&apos;bX"/>
        <Option Id="WAVEFORM_STYLE" value="Digital"/>
      </probeOptions>
      <nets>
        <net name="system_i/ps7_0_axi_periph_M01_AXI_RVALID"/>
      </nets>
    </probe>
    <probe type="ila" busType="net" source="netlist" spec="ILA_V2_RT">
      <probeOptions Id="DebugProbeParams">
        <Option Id="CAPTURE_COMPARE_VALUE" value="eq32&apos;hXXXX_XXXX"/>
        <Option Id="COMPARE_VALUE.0" value="eq32&apos;hXXXX_XXXX"/>
        <Option Id="DISPLAY_AS_ENUM" value="1"/>
        <Option Id="DISPLAY_HINT" value=""/>
        <Option Id="DISPLAY_RADIX" value="HEX"/>
        <Option Id="DISPLAY_VISIBILITY" value=""/>
        <Option Id="HW_ILA" value="system_i/ila_0"/>
        <Option Id="LINK_TO_WAVEFORM" value="1"/>
        <Option Id="MAP" value="probe14[31:0]"/>
        <Option Id="NAME.CUSTOM" value=""/>
        <Option Id="NAME.SELECT" value="Long"/>
        <Option Id="SOURCE" value="netlist"/>
        <Option Id="TRIGGER_COMPARE_VALUE" value="eq32&apos;hXXXX_XXXX"/>
        <Option Id="WAVEFORM_STYLE" value="Digital"/>
      </probeOptions>
      <nets>
        <net name="system_i/ps7_0_axi_periph_M01_AXI_WDATA[31]"/>
        <net name="system_i/ps7_0_axi_periph_M01_AXI_WDATA[30]"/>
        <net name="system_i/ps7_0_axi_periph_M01_AXI_WDATA[29]"/>
        <net name="system_i/ps7_0_axi_periph_M01_AXI_WDATA[28]"/>
        <net name="system_i/ps7_0_axi_periph_M01_AXI_WDATA[27]"/>
        <net name="system_i/ps7_0_axi_periph_M01_AXI_WDATA[26]"/>
        <net name="system_i/ps7_0_axi_periph_M01_AXI_WDATA[25]"/>
        <net name="system_i/ps7_0_axi_periph_M01_AXI_WDATA[24]"/>
        <net name="system_i/ps7_0_axi_periph_M01_AXI_WDATA[23]"/>
        <net name="system_i/ps7_0_axi_periph_M01_AXI_WDATA[22]"/>
        <net name="system_i/ps7_0_axi_periph_M01_AXI_WDATA[21]"/>
        <net name="system_i/ps7_0_axi_periph_M01_AXI_WDATA[20]"/>
        <net name="system_i/ps7_0_axi_periph_M01_AXI_WDATA[19]"/>
        <net name="system_i/ps7_0_axi_periph_M01_AXI_WDATA[18]"/>
        <net name="system_i/ps7_0_axi_periph_M01_AXI_WDATA[17]"/>
        <net name="system_i/ps7_0_axi_periph_M01_AXI_WDATA[16]"/>
        <net name="system_i/ps7_0_axi_periph_M01_AXI_WDATA[15]"/>
        <net name="system_i/ps7_0_axi_periph_M01_AXI_WDATA[14]"/>
        <net name="system_i/ps7_0_axi_periph_M01_AXI_WDATA[13]"/>
        <net name="system_i/ps7_0_axi_periph_M01_AXI_WDATA[12]"/>
        <net name="system_i/ps7_0_axi_periph_M01_AXI_WDATA[11]"/>
        <net name="system_i/ps7_0_axi_periph_M01_AXI_WDATA[10]"/>
        <net name="system_i/ps7_0_axi_periph_M01_AXI_WDATA[9]"/>
        <net name="system_i/ps7_0_axi_periph_M01_AXI_WDATA[8]"/>
        <net name="system_i/ps7_0_axi_periph_M01_AXI_WDATA[7]"/>
        <net name="system_i/ps7_0_axi_periph_M01_AXI_WDATA[6]"/>
        <net name="system_i/ps7_0_axi_periph_M01_AXI_WDATA[5]"/>
        <net name="system_i/ps7_0_axi_periph_M01_AXI_WDATA[4]"/>
        <net name="system_i/ps7_0_axi_periph_M01_AXI_WDATA[3]"/>
        <net name="system_i/ps7_0_axi_periph_M01_AXI_WDATA[2]"/>
        <net name="system_i/ps7_0_axi_periph_M01_AXI_WDATA[1]"/>
        <net name="system_i/ps7_0_axi_periph_M01_AXI_WDATA[0]"/>
      </nets>
    </probe>
    <probe type="ila" busType="net" source="netlist" spec="ILA_V2_RT">
      <probeOptions Id="DebugProbeParams">
        <Option Id="CAPTURE_COMPARE_VALUE" value="eq1&apos;bX"/>
        <Option Id="COMPARE_VALUE.0" value="eq1&apos;bX"/>
        <Option Id="DISPLAY_AS_ENUM" value="1"/>
        <Option Id="DISPLAY_HINT" value=""/>
        <Option Id="DISPLAY_RADIX" value="HEX"/>
        <Option Id="DISPLAY_VISIBILITY" value=""/>
        <Option Id="HW_ILA" value="system_i/ila_0"/>
        <Option Id="LINK_TO_WAVEFORM" value="1"/>
        <Option Id="MAP" value="probe0[0]"/>
        <Option Id="NAME.CUSTOM" value=""/>
        <Option Id="NAME.SELECT" value="Long"/>
        <Option Id="SOURCE" value="netlist"/>
        <Option Id="TRIGGER_COMPARE_VALUE" value="eq1&apos;bX"/>
        <Option Id="WAVEFORM_STYLE" value="Digital"/>
      </probeOptions>
      <nets>
        <net name="system_i/ps7_0_axi_periph_M01_AXI_WREADY"/>
      </nets>
    </probe>
    <probe type="ila" busType="net" source="netlist" spec="ILA_V2_RT">
      <probeOptions Id="DebugProbeParams">
        <Option Id="CAPTURE_COMPARE_VALUE" value="eq4&apos;hX"/>
        <Option Id="COMPARE_VALUE.0" value="eq4&apos;hX"/>
        <Option Id="DISPLAY_AS_ENUM" value="1"/>
        <Option Id="DISPLAY_HINT" value=""/>
        <Option Id="DISPLAY_RADIX" value="HEX"/>
        <Option Id="DISPLAY_VISIBILITY" value=""/>
        <Option Id="HW_ILA" value="system_i/ila_0"/>
        <Option Id="LINK_TO_WAVEFORM" value="1"/>
        <Option Id="MAP" value="probe15[3:0]"/>
        <Option Id="NAME.CUSTOM" value=""/>
        <Option Id="NAME.SELECT" value="Long"/>
        <Option Id="SOURCE" value="netlist"/>
        <Option Id="TRIGGER_COMPARE_VALUE" value="eq4&apos;hX"/>
        <Option Id="WAVEFORM_STYLE" value="Digital"/>
      </probeOptions>
      <nets>
        <net name="system_i/ps7_0_axi_periph_M01_AXI_WSTRB[3]"/>
        <net name="system_i/ps7_0_axi_periph_M01_AXI_WSTRB[2]"/>
        <net name="system_i/ps7_0_axi_periph_M01_AXI_WSTRB[1]"/>
        <net name="system_i/ps7_0_axi_periph_M01_AXI_WSTRB[0]"/>
      </nets>
    </probe>
    <probe type="ila" busType="net" source="netlist" spec="ILA_V2_RT">
      <probeOptions Id="DebugProbeParams">
        <Option Id="CAPTURE_COMPARE_VALUE" value="eq1&apos;bX"/>
        <Option Id="COMPARE_VALUE.0" value="eq1&apos;bX"/>
        <Option Id="DISPLAY_AS_ENUM" value="1"/>
        <Option Id="DISPLAY_HINT" value=""/>
        <Option Id="DISPLAY_RADIX" value="HEX"/>
        <Option Id="DISPLAY_VISIBILITY" value=""/>
        <Option Id="HW_ILA" value="system_i/ila_0"/>
        <Option Id="LINK_TO_WAVEFORM" value="1"/>
        <Option Id="MAP" value="probe7[0]"/>
        <Option Id="NAME.CUSTOM" value=""/>
        <Option Id="NAME.SELECT" value="Long"/>
        <Option Id="SOURCE" value="netlist"/>
        <Option Id="TRIGGER_COMPARE_VALUE" value="eq1&apos;bX"/>
        <Option Id="WAVEFORM_STYLE" value="Digital"/>
      </probeOptions>
      <nets>
        <net name="system_i/ps7_0_axi_periph_M01_AXI_WVALID"/>
      </nets>
    </probe>
    <probe type="ila" busType="bus" source="netlist" spec="ILA_V2_RT">
      <probeOptions Id="DebugProbeParams">
        <Option Id="CAPTURE_COMPARE_VALUE" value="eq2&apos;hX"/>
        <Option Id="COMPARE_VALUE.0" value="eq2&apos;hX"/>
        <Option Id="DISPLAY_AS_ENUM" value="1"/>
        <Option Id="DISPLAY_HINT" value=""/>
        <Option Id="DISPLAY_RADIX" value="HEX"/>
        <Option Id="DISPLAY_VISIBILITY" value=""/>
        <Option Id="HW_ILA" value="system_i/system_ila_0/inst/ila_lib"/>
        <Option Id="LINK_TO_WAVEFORM" value="1"/>
        <Option Id="MAP" value="probe0[1:0]"/>
        <Option Id="NAME.CUSTOM" value="slot_0 : ps7_0_axi_periph_M02_AXI : AR_CNT"/>
        <Option Id="NAME.SELECT" value="Custom"/>
        <Option Id="SOURCE" value="netlist"/>
        <Option Id="TRIGGER_COMPARE_VALUE" value="eq2&apos;hX"/>
        <Option Id="WAVEFORM_STYLE" value="Digital"/>
      </probeOptions>
      <nets>
        <net name="system_i/system_ila_0/inst/net_slot_0_axi_ar_cnt[1]"/>
        <net name="system_i/system_ila_0/inst/net_slot_0_axi_ar_cnt[0]"/>
      </nets>
    </probe>
    <probe type="ila" busType="bus" source="netlist" spec="ILA_V2_RT">
      <probeOptions Id="DebugProbeParams">
        <Option Id="CAPTURE_COMPARE_VALUE" value="eq2&apos;hX"/>
        <Option Id="COMPARE_VALUE.0" value="eq2&apos;hX"/>
        <Option Id="DISPLAY_AS_ENUM" value="1"/>
        <Option Id="DISPLAY_HINT" value=""/>
        <Option Id="DISPLAY_RADIX" value="HEX"/>
        <Option Id="DISPLAY_VISIBILITY" value=""/>
        <Option Id="HW_ILA" value="system_i/system_ila_0/inst/ila_lib"/>
        <Option Id="LINK_TO_WAVEFORM" value="1"/>
        <Option Id="MAP" value="probe16[1:0]"/>
        <Option Id="NAME.CUSTOM" value=""/>
        <Option Id="NAME.SELECT" value="Long"/>
        <Option Id="SOURCE" value="netlist"/>
        <Option Id="TRIGGER_COMPARE_VALUE" value="eq2&apos;hX"/>
        <Option Id="WAVEFORM_STYLE" value="Digital"/>
      </probeOptions>
      <nets>
        <net name="system_i/system_ila_0/inst/net_slot_0_axi_ar_ctrl[1]"/>
        <net name="system_i/system_ila_0/inst/net_slot_0_axi_ar_ctrl[0]"/>
      </nets>
    </probe>
    <probe type="ila" busType="bus" source="netlist" spec="ILA_V2_RT">
      <probeOptions Id="DebugProbeParams">
        <Option Id="CAPTURE_COMPARE_VALUE" value="eq4&apos;hX"/>
        <Option Id="COMPARE_VALUE.0" value="eq4&apos;hX"/>
        <Option Id="DISPLAY_AS_ENUM" value="1"/>
        <Option Id="DISPLAY_HINT" value=""/>
        <Option Id="DISPLAY_RADIX" value="HEX"/>
        <Option Id="DISPLAY_VISIBILITY" value=""/>
        <Option Id="HW_ILA" value="system_i/system_ila_0/inst/ila_lib"/>
        <Option Id="LINK_TO_WAVEFORM" value="1"/>
        <Option Id="MAP" value="probe1[3:0]"/>
        <Option Id="NAME.CUSTOM" value="slot_0 : ps7_0_axi_periph_M02_AXI : ARADDR"/>
        <Option Id="NAME.SELECT" value="Custom"/>
        <Option Id="SOURCE" value="netlist"/>
        <Option Id="TRIGGER_COMPARE_VALUE" value="eq4&apos;hX"/>
        <Option Id="WAVEFORM_STYLE" value="Digital"/>
      </probeOptions>
      <nets>
        <net name="system_i/system_ila_0/inst/net_slot_0_axi_araddr[3]"/>
        <net name="system_i/system_ila_0/inst/net_slot_0_axi_araddr[2]"/>
        <net name="system_i/system_ila_0/inst/net_slot_0_axi_araddr[1]"/>
        <net name="system_i/system_ila_0/inst/net_slot_0_axi_araddr[0]"/>
      </nets>
    </probe>
    <probe type="ila" busType="bus" source="netlist" spec="ILA_V2_RT">
      <probeOptions Id="DebugProbeParams">
        <Option Id="CAPTURE_COMPARE_VALUE" value="eq3&apos;hX"/>
        <Option Id="COMPARE_VALUE.0" value="eq3&apos;hX"/>
        <Option Id="DISPLAY_AS_ENUM" value="1"/>
        <Option Id="DISPLAY_HINT" value=""/>
        <Option Id="DISPLAY_RADIX" value="HEX"/>
        <Option Id="DISPLAY_VISIBILITY" value=""/>
        <Option Id="HW_ILA" value="system_i/system_ila_0/inst/ila_lib"/>
        <Option Id="LINK_TO_WAVEFORM" value="1"/>
        <Option Id="MAP" value="probe2[2:0]"/>
        <Option Id="NAME.CUSTOM" value="slot_0 : ps7_0_axi_periph_M02_AXI : ARPROT"/>
        <Option Id="NAME.SELECT" value="Custom"/>
        <Option Id="SOURCE" value="netlist"/>
        <Option Id="TRIGGER_COMPARE_VALUE" value="eq3&apos;hX"/>
        <Option Id="WAVEFORM_STYLE" value="Digital"/>
        <Option Id="ENUM.Data Non-secure Privileged" value="eq3&apos;b011"/>
        <Option Id="ENUM.Data Non-secure Unprivileged" value="eq3&apos;b010"/>
        <Option Id="ENUM.Data Secure Privileged" value="eq3&apos;b001"/>
        <Option Id="ENUM.Data Secure Unprivileged" value="eq3&apos;b000"/>
        <Option Id="ENUM.Instruction Non-secure Privileged" value="eq3&apos;b111"/>
        <Option Id="ENUM.Instruction Non-secure Unprivileged" value="eq3&apos;b110"/>
        <Option Id="ENUM.Instruction Secure Privileged" value="eq3&apos;b101"/>
        <Option Id="ENUM.Instruction Secure Unprivileged" value="eq3&apos;b100"/>
      </probeOptions>
      <nets>
        <net name="system_i/system_ila_0/inst/net_slot_0_axi_arprot[2]"/>
        <net name="system_i/system_ila_0/inst/net_slot_0_axi_arprot[1]"/>
        <net name="system_i/system_ila_0/inst/net_slot_0_axi_arprot[0]"/>
      </nets>
    </probe>
    <probe type="ila" busType="net" source="netlist" spec="ILA_V2_RT">
      <probeOptions Id="DebugProbeParams">
        <Option Id="CAPTURE_COMPARE_VALUE" value="eq1&apos;bX"/>
        <Option Id="COMPARE_VALUE.0" value="eq1&apos;bX"/>
        <Option Id="DISPLAY_AS_ENUM" value="1"/>
        <Option Id="DISPLAY_HINT" value=""/>
        <Option Id="DISPLAY_RADIX" value="HEX"/>
        <Option Id="DISPLAY_VISIBILITY" value=""/>
        <Option Id="HW_ILA" value="system_i/system_ila_0/inst/ila_lib"/>
        <Option Id="LINK_TO_WAVEFORM" value="1"/>
        <Option Id="MAP" value="probe16[1]"/>
        <Option Id="NAME.CUSTOM" value="slot_0 : ps7_0_axi_periph_M02_AXI : ARREADY"/>
        <Option Id="NAME.SELECT" value="Custom"/>
        <Option Id="SOURCE" value="netlist"/>
        <Option Id="TRIGGER_COMPARE_VALUE" value="eq1&apos;bX"/>
        <Option Id="WAVEFORM_STYLE" value="Digital"/>
      </probeOptions>
      <nets>
        <net name="system_i/system_ila_0/inst/net_slot_0_axi_arready"/>
      </nets>
    </probe>
    <probe type="ila" busType="net" source="netlist" spec="ILA_V2_RT">
      <probeOptions Id="DebugProbeParams">
        <Option Id="CAPTURE_COMPARE_VALUE" value="eq1&apos;bX"/>
        <Option Id="COMPARE_VALUE.0" value="eq1&apos;bX"/>
        <Option Id="DISPLAY_AS_ENUM" value="1"/>
        <Option Id="DISPLAY_HINT" value=""/>
        <Option Id="DISPLAY_RADIX" value="HEX"/>
        <Option Id="DISPLAY_VISIBILITY" value=""/>
        <Option Id="HW_ILA" value="system_i/system_ila_0/inst/ila_lib"/>
        <Option Id="LINK_TO_WAVEFORM" value="1"/>
        <Option Id="MAP" value="probe16[0]"/>
        <Option Id="NAME.CUSTOM" value="slot_0 : ps7_0_axi_periph_M02_AXI : ARVALID"/>
        <Option Id="NAME.SELECT" value="Custom"/>
        <Option Id="SOURCE" value="netlist"/>
        <Option Id="TRIGGER_COMPARE_VALUE" value="eq1&apos;bX"/>
        <Option Id="WAVEFORM_STYLE" value="Digital"/>
      </probeOptions>
      <nets>
        <net name="system_i/system_ila_0/inst/net_slot_0_axi_arvalid"/>
      </nets>
    </probe>
    <probe type="ila" busType="bus" source="netlist" spec="ILA_V2_RT">
      <probeOptions Id="DebugProbeParams">
        <Option Id="CAPTURE_COMPARE_VALUE" value="eq2&apos;hX"/>
        <Option Id="COMPARE_VALUE.0" value="eq2&apos;hX"/>
        <Option Id="DISPLAY_AS_ENUM" value="1"/>
        <Option Id="DISPLAY_HINT" value=""/>
        <Option Id="DISPLAY_RADIX" value="HEX"/>
        <Option Id="DISPLAY_VISIBILITY" value=""/>
        <Option Id="HW_ILA" value="system_i/system_ila_0/inst/ila_lib"/>
        <Option Id="LINK_TO_WAVEFORM" value="1"/>
        <Option Id="MAP" value="probe3[1:0]"/>
        <Option Id="NAME.CUSTOM" value="slot_0 : ps7_0_axi_periph_M02_AXI : AW_CNT"/>
        <Option Id="NAME.SELECT" value="Custom"/>
        <Option Id="SOURCE" value="netlist"/>
        <Option Id="TRIGGER_COMPARE_VALUE" value="eq2&apos;hX"/>
        <Option Id="WAVEFORM_STYLE" value="Digital"/>
      </probeOptions>
      <nets>
        <net name="system_i/system_ila_0/inst/net_slot_0_axi_aw_cnt[1]"/>
        <net name="system_i/system_ila_0/inst/net_slot_0_axi_aw_cnt[0]"/>
      </nets>
    </probe>
    <probe type="ila" busType="bus" source="netlist" spec="ILA_V2_RT">
      <probeOptions Id="DebugProbeParams">
        <Option Id="CAPTURE_COMPARE_VALUE" value="eq2&apos;hX"/>
        <Option Id="COMPARE_VALUE.0" value="eq2&apos;hX"/>
        <Option Id="DISPLAY_AS_ENUM" value="1"/>
        <Option Id="DISPLAY_HINT" value=""/>
        <Option Id="DISPLAY_RADIX" value="HEX"/>
        <Option Id="DISPLAY_VISIBILITY" value=""/>
        <Option Id="HW_ILA" value="system_i/system_ila_0/inst/ila_lib"/>
        <Option Id="LINK_TO_WAVEFORM" value="1"/>
        <Option Id="MAP" value="probe13[1:0]"/>
        <Option Id="NAME.CUSTOM" value=""/>
        <Option Id="NAME.SELECT" value="Long"/>
        <Option Id="SOURCE" value="netlist"/>
        <Option Id="TRIGGER_COMPARE_VALUE" value="eq2&apos;hX"/>
        <Option Id="WAVEFORM_STYLE" value="Digital"/>
      </probeOptions>
      <nets>
        <net name="system_i/system_ila_0/inst/net_slot_0_axi_aw_ctrl[1]"/>
        <net name="system_i/system_ila_0/inst/net_slot_0_axi_aw_ctrl[0]"/>
      </nets>
    </probe>
    <probe type="ila" busType="bus" source="netlist" spec="ILA_V2_RT">
      <probeOptions Id="DebugProbeParams">
        <Option Id="CAPTURE_COMPARE_VALUE" value="eq4&apos;hX"/>
        <Option Id="COMPARE_VALUE.0" value="eq4&apos;hX"/>
        <Option Id="DISPLAY_AS_ENUM" value="1"/>
        <Option Id="DISPLAY_HINT" value=""/>
        <Option Id="DISPLAY_RADIX" value="HEX"/>
        <Option Id="DISPLAY_VISIBILITY" value=""/>
        <Option Id="HW_ILA" value="system_i/system_ila_0/inst/ila_lib"/>
        <Option Id="LINK_TO_WAVEFORM" value="1"/>
        <Option Id="MAP" value="probe4[3:0]"/>
        <Option Id="NAME.CUSTOM" value="slot_0 : ps7_0_axi_periph_M02_AXI : AWADDR"/>
        <Option Id="NAME.SELECT" value="Custom"/>
        <Option Id="SOURCE" value="netlist"/>
        <Option Id="TRIGGER_COMPARE_VALUE" value="eq4&apos;hX"/>
        <Option Id="WAVEFORM_STYLE" value="Digital"/>
      </probeOptions>
      <nets>
        <net name="system_i/system_ila_0/inst/net_slot_0_axi_awaddr[3]"/>
        <net name="system_i/system_ila_0/inst/net_slot_0_axi_awaddr[2]"/>
        <net name="system_i/system_ila_0/inst/net_slot_0_axi_awaddr[1]"/>
        <net name="system_i/system_ila_0/inst/net_slot_0_axi_awaddr[0]"/>
      </nets>
    </probe>
    <probe type="ila" busType="bus" source="netlist" spec="ILA_V2_RT">
      <probeOptions Id="DebugProbeParams">
        <Option Id="CAPTURE_COMPARE_VALUE" value="eq3&apos;hX"/>
        <Option Id="COMPARE_VALUE.0" value="eq3&apos;hX"/>
        <Option Id="DISPLAY_AS_ENUM" value="1"/>
        <Option Id="DISPLAY_HINT" value=""/>
        <Option Id="DISPLAY_RADIX" value="HEX"/>
        <Option Id="DISPLAY_VISIBILITY" value=""/>
        <Option Id="HW_ILA" value="system_i/system_ila_0/inst/ila_lib"/>
        <Option Id="LINK_TO_WAVEFORM" value="1"/>
        <Option Id="MAP" value="probe5[2:0]"/>
        <Option Id="NAME.CUSTOM" value="slot_0 : ps7_0_axi_periph_M02_AXI : AWPROT"/>
        <Option Id="NAME.SELECT" value="Custom"/>
        <Option Id="SOURCE" value="netlist"/>
        <Option Id="TRIGGER_COMPARE_VALUE" value="eq3&apos;hX"/>
        <Option Id="WAVEFORM_STYLE" value="Digital"/>
        <Option Id="ENUM.Data Non-secure Privileged" value="eq3&apos;b011"/>
        <Option Id="ENUM.Data Non-secure Unprivileged" value="eq3&apos;b010"/>
        <Option Id="ENUM.Data Secure Privileged" value="eq3&apos;b001"/>
        <Option Id="ENUM.Data Secure Unprivileged" value="eq3&apos;b000"/>
        <Option Id="ENUM.Instruction Non-secure Privileged" value="eq3&apos;b111"/>
        <Option Id="ENUM.Instruction Non-secure Unprivileged" value="eq3&apos;b110"/>
        <Option Id="ENUM.Instruction Secure Privileged" value="eq3&apos;b101"/>
        <Option Id="ENUM.Instruction Secure Unprivileged" value="eq3&apos;b100"/>
      </probeOptions>
      <nets>
        <net name="system_i/system_ila_0/inst/net_slot_0_axi_awprot[2]"/>
        <net name="system_i/system_ila_0/inst/net_slot_0_axi_awprot[1]"/>
        <net name="system_i/system_ila_0/inst/net_slot_0_axi_awprot[0]"/>
      </nets>
    </probe>
    <probe type="ila" busType="net" source="netlist" spec="ILA_V2_RT">
      <probeOptions Id="DebugProbeParams">
        <Option Id="CAPTURE_COMPARE_VALUE" value="eq1&apos;bX"/>
        <Option Id="COMPARE_VALUE.0" value="eq1&apos;bX"/>
        <Option Id="DISPLAY_AS_ENUM" value="1"/>
        <Option Id="DISPLAY_HINT" value=""/>
        <Option Id="DISPLAY_RADIX" value="HEX"/>
        <Option Id="DISPLAY_VISIBILITY" value=""/>
        <Option Id="HW_ILA" value="system_i/system_ila_0/inst/ila_lib"/>
        <Option Id="LINK_TO_WAVEFORM" value="1"/>
        <Option Id="MAP" value="probe13[1]"/>
        <Option Id="NAME.CUSTOM" value="slot_0 : ps7_0_axi_periph_M02_AXI : AWREADY"/>
        <Option Id="NAME.SELECT" value="Custom"/>
        <Option Id="SOURCE" value="netlist"/>
        <Option Id="TRIGGER_COMPARE_VALUE" value="eq1&apos;bX"/>
        <Option Id="WAVEFORM_STYLE" value="Digital"/>
      </probeOptions>
      <nets>
        <net name="system_i/system_ila_0/inst/net_slot_0_axi_awready"/>
      </nets>
    </probe>
    <probe type="ila" busType="net" source="netlist" spec="ILA_V2_RT">
      <probeOptions Id="DebugProbeParams">
        <Option Id="CAPTURE_COMPARE_VALUE" value="eq1&apos;bX"/>
        <Option Id="COMPARE_VALUE.0" value="eq1&apos;bX"/>
        <Option Id="DISPLAY_AS_ENUM" value="1"/>
        <Option Id="DISPLAY_HINT" value=""/>
        <Option Id="DISPLAY_RADIX" value="HEX"/>
        <Option Id="DISPLAY_VISIBILITY" value=""/>
        <Option Id="HW_ILA" value="system_i/system_ila_0/inst/ila_lib"/>
        <Option Id="LINK_TO_WAVEFORM" value="1"/>
        <Option Id="MAP" value="probe13[0]"/>
        <Option Id="NAME.CUSTOM" value="slot_0 : ps7_0_axi_periph_M02_AXI : AWVALID"/>
        <Option Id="NAME.SELECT" value="Custom"/>
        <Option Id="SOURCE" value="netlist"/>
        <Option Id="TRIGGER_COMPARE_VALUE" value="eq1&apos;bX"/>
        <Option Id="WAVEFORM_STYLE" value="Digital"/>
      </probeOptions>
      <nets>
        <net name="system_i/system_ila_0/inst/net_slot_0_axi_awvalid"/>
      </nets>
    </probe>
    <probe type="ila" busType="bus" source="netlist" spec="ILA_V2_RT">
      <probeOptions Id="DebugProbeParams">
        <Option Id="CAPTURE_COMPARE_VALUE" value="eq2&apos;hX"/>
        <Option Id="COMPARE_VALUE.0" value="eq2&apos;hX"/>
        <Option Id="DISPLAY_AS_ENUM" value="1"/>
        <Option Id="DISPLAY_HINT" value=""/>
        <Option Id="DISPLAY_RADIX" value="HEX"/>
        <Option Id="DISPLAY_VISIBILITY" value=""/>
        <Option Id="HW_ILA" value="system_i/system_ila_0/inst/ila_lib"/>
        <Option Id="LINK_TO_WAVEFORM" value="1"/>
        <Option Id="MAP" value="probe6[1:0]"/>
        <Option Id="NAME.CUSTOM" value="slot_0 : ps7_0_axi_periph_M02_AXI : B_CNT"/>
        <Option Id="NAME.SELECT" value="Custom"/>
        <Option Id="SOURCE" value="netlist"/>
        <Option Id="TRIGGER_COMPARE_VALUE" value="eq2&apos;hX"/>
        <Option Id="WAVEFORM_STYLE" value="Digital"/>
      </probeOptions>
      <nets>
        <net name="system_i/system_ila_0/inst/net_slot_0_axi_b_cnt[1]"/>
        <net name="system_i/system_ila_0/inst/net_slot_0_axi_b_cnt[0]"/>
      </nets>
    </probe>
    <probe type="ila" busType="bus" source="netlist" spec="ILA_V2_RT">
      <probeOptions Id="DebugProbeParams">
        <Option Id="CAPTURE_COMPARE_VALUE" value="eq2&apos;hX"/>
        <Option Id="COMPARE_VALUE.0" value="eq2&apos;hX"/>
        <Option Id="DISPLAY_AS_ENUM" value="1"/>
        <Option Id="DISPLAY_HINT" value=""/>
        <Option Id="DISPLAY_RADIX" value="HEX"/>
        <Option Id="DISPLAY_VISIBILITY" value=""/>
        <Option Id="HW_ILA" value="system_i/system_ila_0/inst/ila_lib"/>
        <Option Id="LINK_TO_WAVEFORM" value="1"/>
        <Option Id="MAP" value="probe15[1:0]"/>
        <Option Id="NAME.CUSTOM" value=""/>
        <Option Id="NAME.SELECT" value="Long"/>
        <Option Id="SOURCE" value="netlist"/>
        <Option Id="TRIGGER_COMPARE_VALUE" value="eq2&apos;hX"/>
        <Option Id="WAVEFORM_STYLE" value="Digital"/>
      </probeOptions>
      <nets>
        <net name="system_i/system_ila_0/inst/net_slot_0_axi_b_ctrl[1]"/>
        <net name="system_i/system_ila_0/inst/net_slot_0_axi_b_ctrl[0]"/>
      </nets>
    </probe>
    <probe type="ila" busType="net" source="netlist" spec="ILA_V2_RT">
      <probeOptions Id="DebugProbeParams">
        <Option Id="CAPTURE_COMPARE_VALUE" value="eq1&apos;bX"/>
        <Option Id="COMPARE_VALUE.0" value="eq1&apos;bX"/>
        <Option Id="DISPLAY_AS_ENUM" value="1"/>
        <Option Id="DISPLAY_HINT" value=""/>
        <Option Id="DISPLAY_RADIX" value="HEX"/>
        <Option Id="DISPLAY_VISIBILITY" value=""/>
        <Option Id="HW_ILA" value="system_i/system_ila_0/inst/ila_lib"/>
        <Option Id="LINK_TO_WAVEFORM" value="1"/>
        <Option Id="MAP" value="probe15[1]"/>
        <Option Id="NAME.CUSTOM" value="slot_0 : ps7_0_axi_periph_M02_AXI : BREADY"/>
        <Option Id="NAME.SELECT" value="Custom"/>
        <Option Id="SOURCE" value="netlist"/>
        <Option Id="TRIGGER_COMPARE_VALUE" value="eq1&apos;bX"/>
        <Option Id="WAVEFORM_STYLE" value="Digital"/>
      </probeOptions>
      <nets>
        <net name="system_i/system_ila_0/inst/net_slot_0_axi_bready"/>
      </nets>
    </probe>
    <probe type="ila" busType="bus" source="netlist" spec="ILA_V2_RT">
      <probeOptions Id="DebugProbeParams">
        <Option Id="CAPTURE_COMPARE_VALUE" value="eq2&apos;hX"/>
        <Option Id="COMPARE_VALUE.0" value="eq2&apos;hX"/>
        <Option Id="DISPLAY_AS_ENUM" value="1"/>
        <Option Id="DISPLAY_HINT" value=""/>
        <Option Id="DISPLAY_RADIX" value="HEX"/>
        <Option Id="DISPLAY_VISIBILITY" value=""/>
        <Option Id="HW_ILA" value="system_i/system_ila_0/inst/ila_lib"/>
        <Option Id="LINK_TO_WAVEFORM" value="1"/>
        <Option Id="MAP" value="probe7[1:0]"/>
        <Option Id="NAME.CUSTOM" value="slot_0 : ps7_0_axi_periph_M02_AXI : BRESP"/>
        <Option Id="NAME.SELECT" value="Custom"/>
        <Option Id="SOURCE" value="netlist"/>
        <Option Id="TRIGGER_COMPARE_VALUE" value="eq2&apos;hX"/>
        <Option Id="WAVEFORM_STYLE" value="Digital"/>
        <Option Id="ENUM.DECERR" value="eq2&apos;b11"/>
        <Option Id="ENUM.EXOKAY" value="eq2&apos;b01"/>
        <Option Id="ENUM.OKAY" value="eq2&apos;b00"/>
        <Option Id="ENUM.SLVERR" value="eq2&apos;b10"/>
      </probeOptions>
      <nets>
        <net name="system_i/system_ila_0/inst/net_slot_0_axi_bresp[1]"/>
        <net name="system_i/system_ila_0/inst/net_slot_0_axi_bresp[0]"/>
      </nets>
    </probe>
    <probe type="ila" busType="net" source="netlist" spec="ILA_V2_RT">
      <probeOptions Id="DebugProbeParams">
        <Option Id="CAPTURE_COMPARE_VALUE" value="eq1&apos;bX"/>
        <Option Id="COMPARE_VALUE.0" value="eq1&apos;bX"/>
        <Option Id="DISPLAY_AS_ENUM" value="1"/>
        <Option Id="DISPLAY_HINT" value=""/>
        <Option Id="DISPLAY_RADIX" value="HEX"/>
        <Option Id="DISPLAY_VISIBILITY" value=""/>
        <Option Id="HW_ILA" value="system_i/system_ila_0/inst/ila_lib"/>
        <Option Id="LINK_TO_WAVEFORM" value="1"/>
        <Option Id="MAP" value="probe15[0]"/>
        <Option Id="NAME.CUSTOM" value="slot_0 : ps7_0_axi_periph_M02_AXI : BVALID"/>
        <Option Id="NAME.SELECT" value="Custom"/>
        <Option Id="SOURCE" value="netlist"/>
        <Option Id="TRIGGER_COMPARE_VALUE" value="eq1&apos;bX"/>
        <Option Id="WAVEFORM_STYLE" value="Digital"/>
      </probeOptions>
      <nets>
        <net name="system_i/system_ila_0/inst/net_slot_0_axi_bvalid"/>
      </nets>
    </probe>
    <probe type="ila" busType="bus" source="netlist" spec="ILA_V2_RT">
      <probeOptions Id="DebugProbeParams">
        <Option Id="CAPTURE_COMPARE_VALUE" value="eq2&apos;hX"/>
        <Option Id="COMPARE_VALUE.0" value="eq2&apos;hX"/>
        <Option Id="DISPLAY_AS_ENUM" value="1"/>
        <Option Id="DISPLAY_HINT" value=""/>
        <Option Id="DISPLAY_RADIX" value="HEX"/>
        <Option Id="DISPLAY_VISIBILITY" value=""/>
        <Option Id="HW_ILA" value="system_i/system_ila_0/inst/ila_lib"/>
        <Option Id="LINK_TO_WAVEFORM" value="1"/>
        <Option Id="MAP" value="probe8[1:0]"/>
        <Option Id="NAME.CUSTOM" value="slot_0 : ps7_0_axi_periph_M02_AXI : R_CNT"/>
        <Option Id="NAME.SELECT" value="Custom"/>
        <Option Id="SOURCE" value="netlist"/>
        <Option Id="TRIGGER_COMPARE_VALUE" value="eq2&apos;hX"/>
        <Option Id="WAVEFORM_STYLE" value="Digital"/>
      </probeOptions>
      <nets>
        <net name="system_i/system_ila_0/inst/net_slot_0_axi_r_cnt[1]"/>
        <net name="system_i/system_ila_0/inst/net_slot_0_axi_r_cnt[0]"/>
      </nets>
    </probe>
    <probe type="ila" busType="bus" source="netlist" spec="ILA_V2_RT">
      <probeOptions Id="DebugProbeParams">
        <Option Id="CAPTURE_COMPARE_VALUE" value="eq2&apos;hX"/>
        <Option Id="COMPARE_VALUE.0" value="eq2&apos;hX"/>
        <Option Id="DISPLAY_AS_ENUM" value="1"/>
        <Option Id="DISPLAY_HINT" value=""/>
        <Option Id="DISPLAY_RADIX" value="HEX"/>
        <Option Id="DISPLAY_VISIBILITY" value=""/>
        <Option Id="HW_ILA" value="system_i/system_ila_0/inst/ila_lib"/>
        <Option Id="LINK_TO_WAVEFORM" value="1"/>
        <Option Id="MAP" value="probe17[1:0]"/>
        <Option Id="NAME.CUSTOM" value=""/>
        <Option Id="NAME.SELECT" value="Long"/>
        <Option Id="SOURCE" value="netlist"/>
        <Option Id="TRIGGER_COMPARE_VALUE" value="eq2&apos;hX"/>
        <Option Id="WAVEFORM_STYLE" value="Digital"/>
      </probeOptions>
      <nets>
        <net name="system_i/system_ila_0/inst/net_slot_0_axi_r_ctrl[1]"/>
        <net name="system_i/system_ila_0/inst/net_slot_0_axi_r_ctrl[0]"/>
      </nets>
    </probe>
    <probe type="ila" busType="bus" source="netlist" spec="ILA_V2_RT">
      <probeOptions Id="DebugProbeParams">
        <Option Id="CAPTURE_COMPARE_VALUE" value="eq32&apos;hXXXX_XXXX"/>
        <Option Id="COMPARE_VALUE.0" value="eq32&apos;hXXXX_XXXX"/>
        <Option Id="DISPLAY_AS_ENUM" value="1"/>
        <Option Id="DISPLAY_HINT" value=""/>
        <Option Id="DISPLAY_RADIX" value="HEX"/>
        <Option Id="DISPLAY_VISIBILITY" value=""/>
        <Option Id="HW_ILA" value="system_i/system_ila_0/inst/ila_lib"/>
        <Option Id="LINK_TO_WAVEFORM" value="1"/>
        <Option Id="MAP" value="probe9[31:0]"/>
        <Option Id="NAME.CUSTOM" value="slot_0 : ps7_0_axi_periph_M02_AXI : RDATA"/>
        <Option Id="NAME.SELECT" value="Custom"/>
        <Option Id="SOURCE" value="netlist"/>
        <Option Id="TRIGGER_COMPARE_VALUE" value="eq32&apos;hXXXX_XXXX"/>
        <Option Id="WAVEFORM_STYLE" value="Digital"/>
      </probeOptions>
      <nets>
        <net name="system_i/system_ila_0/inst/net_slot_0_axi_rdata[31]"/>
        <net name="system_i/system_ila_0/inst/net_slot_0_axi_rdata[30]"/>
        <net name="system_i/system_ila_0/inst/net_slot_0_axi_rdata[29]"/>
        <net name="system_i/system_ila_0/inst/net_slot_0_axi_rdata[28]"/>
        <net name="system_i/system_ila_0/inst/net_slot_0_axi_rdata[27]"/>
        <net name="system_i/system_ila_0/inst/net_slot_0_axi_rdata[26]"/>
        <net name="system_i/system_ila_0/inst/net_slot_0_axi_rdata[25]"/>
        <net name="system_i/system_ila_0/inst/net_slot_0_axi_rdata[24]"/>
        <net name="system_i/system_ila_0/inst/net_slot_0_axi_rdata[23]"/>
        <net name="system_i/system_ila_0/inst/net_slot_0_axi_rdata[22]"/>
        <net name="system_i/system_ila_0/inst/net_slot_0_axi_rdata[21]"/>
        <net name="system_i/system_ila_0/inst/net_slot_0_axi_rdata[20]"/>
        <net name="system_i/system_ila_0/inst/net_slot_0_axi_rdata[19]"/>
        <net name="system_i/system_ila_0/inst/net_slot_0_axi_rdata[18]"/>
        <net name="system_i/system_ila_0/inst/net_slot_0_axi_rdata[17]"/>
        <net name="system_i/system_ila_0/inst/net_slot_0_axi_rdata[16]"/>
        <net name="system_i/system_ila_0/inst/net_slot_0_axi_rdata[15]"/>
        <net name="system_i/system_ila_0/inst/net_slot_0_axi_rdata[14]"/>
        <net name="system_i/system_ila_0/inst/net_slot_0_axi_rdata[13]"/>
        <net name="system_i/system_ila_0/inst/net_slot_0_axi_rdata[12]"/>
        <net name="system_i/system_ila_0/inst/net_slot_0_axi_rdata[11]"/>
        <net name="system_i/system_ila_0/inst/net_slot_0_axi_rdata[10]"/>
        <net name="system_i/system_ila_0/inst/net_slot_0_axi_rdata[9]"/>
        <net name="system_i/system_ila_0/inst/net_slot_0_axi_rdata[8]"/>
        <net name="system_i/system_ila_0/inst/net_slot_0_axi_rdata[7]"/>
        <net name="system_i/system_ila_0/inst/net_slot_0_axi_rdata[6]"/>
        <net name="system_i/system_ila_0/inst/net_slot_0_axi_rdata[5]"/>
        <net name="system_i/system_ila_0/inst/net_slot_0_axi_rdata[4]"/>
        <net name="system_i/system_ila_0/inst/net_slot_0_axi_rdata[3]"/>
        <net name="system_i/system_ila_0/inst/net_slot_0_axi_rdata[2]"/>
        <net name="system_i/system_ila_0/inst/net_slot_0_axi_rdata[1]"/>
        <net name="system_i/system_ila_0/inst/net_slot_0_axi_rdata[0]"/>
      </nets>
    </probe>
    <probe type="ila" busType="net" source="netlist" spec="ILA_V2_RT">
      <probeOptions Id="DebugProbeParams">
        <Option Id="CAPTURE_COMPARE_VALUE" value="eq1&apos;bX"/>
        <Option Id="COMPARE_VALUE.0" value="eq1&apos;bX"/>
        <Option Id="DISPLAY_AS_ENUM" value="1"/>
        <Option Id="DISPLAY_HINT" value=""/>
        <Option Id="DISPLAY_RADIX" value="HEX"/>
        <Option Id="DISPLAY_VISIBILITY" value=""/>
        <Option Id="HW_ILA" value="system_i/system_ila_0/inst/ila_lib"/>
        <Option Id="LINK_TO_WAVEFORM" value="1"/>
        <Option Id="MAP" value="probe17[1]"/>
        <Option Id="NAME.CUSTOM" value="slot_0 : ps7_0_axi_periph_M02_AXI : RREADY"/>
        <Option Id="NAME.SELECT" value="Custom"/>
        <Option Id="SOURCE" value="netlist"/>
        <Option Id="TRIGGER_COMPARE_VALUE" value="eq1&apos;bX"/>
        <Option Id="WAVEFORM_STYLE" value="Digital"/>
      </probeOptions>
      <nets>
        <net name="system_i/system_ila_0/inst/net_slot_0_axi_rready"/>
      </nets>
    </probe>
    <probe type="ila" busType="bus" source="netlist" spec="ILA_V2_RT">
      <probeOptions Id="DebugProbeParams">
        <Option Id="CAPTURE_COMPARE_VALUE" value="eq2&apos;hX"/>
        <Option Id="COMPARE_VALUE.0" value="eq2&apos;hX"/>
        <Option Id="DISPLAY_AS_ENUM" value="1"/>
        <Option Id="DISPLAY_HINT" value=""/>
        <Option Id="DISPLAY_RADIX" value="HEX"/>
        <Option Id="DISPLAY_VISIBILITY" value=""/>
        <Option Id="HW_ILA" value="system_i/system_ila_0/inst/ila_lib"/>
        <Option Id="LINK_TO_WAVEFORM" value="1"/>
        <Option Id="MAP" value="probe10[1:0]"/>
        <Option Id="NAME.CUSTOM" value="slot_0 : ps7_0_axi_periph_M02_AXI : RRESP"/>
        <Option Id="NAME.SELECT" value="Custom"/>
        <Option Id="SOURCE" value="netlist"/>
        <Option Id="TRIGGER_COMPARE_VALUE" value="eq2&apos;hX"/>
        <Option Id="WAVEFORM_STYLE" value="Digital"/>
        <Option Id="ENUM.DECERR" value="eq2&apos;b11"/>
        <Option Id="ENUM.EXOKAY" value="eq2&apos;b01"/>
        <Option Id="ENUM.OKAY" value="eq2&apos;b00"/>
        <Option Id="ENUM.SLVERR" value="eq2&apos;b10"/>
      </probeOptions>
      <nets>
        <net name="system_i/system_ila_0/inst/net_slot_0_axi_rresp[1]"/>
        <net name="system_i/system_ila_0/inst/net_slot_0_axi_rresp[0]"/>
      </nets>
    </probe>
    <probe type="ila" busType="net" source="netlist" spec="ILA_V2_RT">
      <probeOptions Id="DebugProbeParams">
        <Option Id="CAPTURE_COMPARE_VALUE" value="eq1&apos;bX"/>
        <Option Id="COMPARE_VALUE.0" value="eq1&apos;bX"/>
        <Option Id="DISPLAY_AS_ENUM" value="1"/>
        <Option Id="DISPLAY_HINT" value=""/>
        <Option Id="DISPLAY_RADIX" value="HEX"/>
        <Option Id="DISPLAY_VISIBILITY" value=""/>
        <Option Id="HW_ILA" value="system_i/system_ila_0/inst/ila_lib"/>
        <Option Id="LINK_TO_WAVEFORM" value="1"/>
        <Option Id="MAP" value="probe17[0]"/>
        <Option Id="NAME.CUSTOM" value="slot_0 : ps7_0_axi_periph_M02_AXI : RVALID"/>
        <Option Id="NAME.SELECT" value="Custom"/>
        <Option Id="SOURCE" value="netlist"/>
        <Option Id="TRIGGER_COMPARE_VALUE" value="eq1&apos;bX"/>
        <Option Id="WAVEFORM_STYLE" value="Digital"/>
      </probeOptions>
      <nets>
        <net name="system_i/system_ila_0/inst/net_slot_0_axi_rvalid"/>
      </nets>
    </probe>
    <probe type="ila" busType="bus" source="netlist" spec="ILA_V2_RT">
      <probeOptions Id="DebugProbeParams">
        <Option Id="CAPTURE_COMPARE_VALUE" value="eq2&apos;hX"/>
        <Option Id="COMPARE_VALUE.0" value="eq2&apos;hX"/>
        <Option Id="DISPLAY_AS_ENUM" value="1"/>
        <Option Id="DISPLAY_HINT" value=""/>
        <Option Id="DISPLAY_RADIX" value="HEX"/>
        <Option Id="DISPLAY_VISIBILITY" value=""/>
        <Option Id="HW_ILA" value="system_i/system_ila_0/inst/ila_lib"/>
        <Option Id="LINK_TO_WAVEFORM" value="1"/>
        <Option Id="MAP" value="probe14[1:0]"/>
        <Option Id="NAME.CUSTOM" value=""/>
        <Option Id="NAME.SELECT" value="Long"/>
        <Option Id="SOURCE" value="netlist"/>
        <Option Id="TRIGGER_COMPARE_VALUE" value="eq2&apos;hX"/>
        <Option Id="WAVEFORM_STYLE" value="Digital"/>
      </probeOptions>
      <nets>
        <net name="system_i/system_ila_0/inst/net_slot_0_axi_w_ctrl[1]"/>
        <net name="system_i/system_ila_0/inst/net_slot_0_axi_w_ctrl[0]"/>
      </nets>
    </probe>
    <probe type="ila" busType="bus" source="netlist" spec="ILA_V2_RT">
      <probeOptions Id="DebugProbeParams">
        <Option Id="CAPTURE_COMPARE_VALUE" value="eq32&apos;hXXXX_XXXX"/>
        <Option Id="COMPARE_VALUE.0" value="eq32&apos;hXXXX_XXXX"/>
        <Option Id="DISPLAY_AS_ENUM" value="1"/>
        <Option Id="DISPLAY_HINT" value=""/>
        <Option Id="DISPLAY_RADIX" value="HEX"/>
        <Option Id="DISPLAY_VISIBILITY" value=""/>
        <Option Id="HW_ILA" value="system_i/system_ila_0/inst/ila_lib"/>
        <Option Id="LINK_TO_WAVEFORM" value="1"/>
        <Option Id="MAP" value="probe11[31:0]"/>
        <Option Id="NAME.CUSTOM" value="slot_0 : ps7_0_axi_periph_M02_AXI : WDATA"/>
        <Option Id="NAME.SELECT" value="Custom"/>
        <Option Id="SOURCE" value="netlist"/>
        <Option Id="TRIGGER_COMPARE_VALUE" value="eq32&apos;hXXXX_XXXX"/>
        <Option Id="WAVEFORM_STYLE" value="Digital"/>
      </probeOptions>
      <nets>
        <net name="system_i/system_ila_0/inst/net_slot_0_axi_wdata[31]"/>
        <net name="system_i/system_ila_0/inst/net_slot_0_axi_wdata[30]"/>
        <net name="system_i/system_ila_0/inst/net_slot_0_axi_wdata[29]"/>
        <net name="system_i/system_ila_0/inst/net_slot_0_axi_wdata[28]"/>
        <net name="system_i/system_ila_0/inst/net_slot_0_axi_wdata[27]"/>
        <net name="system_i/system_ila_0/inst/net_slot_0_axi_wdata[26]"/>
        <net name="system_i/system_ila_0/inst/net_slot_0_axi_wdata[25]"/>
        <net name="system_i/system_ila_0/inst/net_slot_0_axi_wdata[24]"/>
        <net name="system_i/system_ila_0/inst/net_slot_0_axi_wdata[23]"/>
        <net name="system_i/system_ila_0/inst/net_slot_0_axi_wdata[22]"/>
        <net name="system_i/system_ila_0/inst/net_slot_0_axi_wdata[21]"/>
        <net name="system_i/system_ila_0/inst/net_slot_0_axi_wdata[20]"/>
        <net name="system_i/system_ila_0/inst/net_slot_0_axi_wdata[19]"/>
        <net name="system_i/system_ila_0/inst/net_slot_0_axi_wdata[18]"/>
        <net name="system_i/system_ila_0/inst/net_slot_0_axi_wdata[17]"/>
        <net name="system_i/system_ila_0/inst/net_slot_0_axi_wdata[16]"/>
        <net name="system_i/system_ila_0/inst/net_slot_0_axi_wdata[15]"/>
        <net name="system_i/system_ila_0/inst/net_slot_0_axi_wdata[14]"/>
        <net name="system_i/system_ila_0/inst/net_slot_0_axi_wdata[13]"/>
        <net name="system_i/system_ila_0/inst/net_slot_0_axi_wdata[12]"/>
        <net name="system_i/system_ila_0/inst/net_slot_0_axi_wdata[11]"/>
        <net name="system_i/system_ila_0/inst/net_slot_0_axi_wdata[10]"/>
        <net name="system_i/system_ila_0/inst/net_slot_0_axi_wdata[9]"/>
        <net name="system_i/system_ila_0/inst/net_slot_0_axi_wdata[8]"/>
        <net name="system_i/system_ila_0/inst/net_slot_0_axi_wdata[7]"/>
        <net name="system_i/system_ila_0/inst/net_slot_0_axi_wdata[6]"/>
        <net name="system_i/system_ila_0/inst/net_slot_0_axi_wdata[5]"/>
        <net name="system_i/system_ila_0/inst/net_slot_0_axi_wdata[4]"/>
        <net name="system_i/system_ila_0/inst/net_slot_0_axi_wdata[3]"/>
        <net name="system_i/system_ila_0/inst/net_slot_0_axi_wdata[2]"/>
        <net name="system_i/system_ila_0/inst/net_slot_0_axi_wdata[1]"/>
        <net name="system_i/system_ila_0/inst/net_slot_0_axi_wdata[0]"/>
      </nets>
    </probe>
    <probe type="ila" busType="net" source="netlist" spec="ILA_V2_RT">
      <probeOptions Id="DebugProbeParams">
        <Option Id="CAPTURE_COMPARE_VALUE" value="eq1&apos;bX"/>
        <Option Id="COMPARE_VALUE.0" value="eq1&apos;bX"/>
        <Option Id="DISPLAY_AS_ENUM" value="1"/>
        <Option Id="DISPLAY_HINT" value=""/>
        <Option Id="DISPLAY_RADIX" value="HEX"/>
        <Option Id="DISPLAY_VISIBILITY" value=""/>
        <Option Id="HW_ILA" value="system_i/system_ila_0/inst/ila_lib"/>
        <Option Id="LINK_TO_WAVEFORM" value="1"/>
        <Option Id="MAP" value="probe14[1]"/>
        <Option Id="NAME.CUSTOM" value="slot_0 : ps7_0_axi_periph_M02_AXI : WREADY"/>
        <Option Id="NAME.SELECT" value="Custom"/>
        <Option Id="SOURCE" value="netlist"/>
        <Option Id="TRIGGER_COMPARE_VALUE" value="eq1&apos;bX"/>
        <Option Id="WAVEFORM_STYLE" value="Digital"/>
      </probeOptions>
      <nets>
        <net name="system_i/system_ila_0/inst/net_slot_0_axi_wready"/>
      </nets>
    </probe>
    <probe type="ila" busType="bus" source="netlist" spec="ILA_V2_RT">
      <probeOptions Id="DebugProbeParams">
        <Option Id="CAPTURE_COMPARE_VALUE" value="eq4&apos;hX"/>
        <Option Id="COMPARE_VALUE.0" value="eq4&apos;hX"/>
        <Option Id="DISPLAY_AS_ENUM" value="1"/>
        <Option Id="DISPLAY_HINT" value=""/>
        <Option Id="DISPLAY_RADIX" value="HEX"/>
        <Option Id="DISPLAY_VISIBILITY" value=""/>
        <Option Id="HW_ILA" value="system_i/system_ila_0/inst/ila_lib"/>
        <Option Id="LINK_TO_WAVEFORM" value="1"/>
        <Option Id="MAP" value="probe12[3:0]"/>
        <Option Id="NAME.CUSTOM" value="slot_0 : ps7_0_axi_periph_M02_AXI : WSTRB"/>
        <Option Id="NAME.SELECT" value="Custom"/>
        <Option Id="SOURCE" value="netlist"/>
        <Option Id="TRIGGER_COMPARE_VALUE" value="eq4&apos;hX"/>
        <Option Id="WAVEFORM_STYLE" value="Digital"/>
      </probeOptions>
      <nets>
        <net name="system_i/system_ila_0/inst/net_slot_0_axi_wstrb[3]"/>
        <net name="system_i/system_ila_0/inst/net_slot_0_axi_wstrb[2]"/>
        <net name="system_i/system_ila_0/inst/net_slot_0_axi_wstrb[1]"/>
        <net name="system_i/system_ila_0/inst/net_slot_0_axi_wstrb[0]"/>
      </nets>
    </probe>
    <probe type="ila" busType="net" source="netlist" spec="ILA_V2_RT">
      <probeOptions Id="DebugProbeParams">
        <Option Id="CAPTURE_COMPARE_VALUE" value="eq1&apos;bX"/>
        <Option Id="COMPARE_VALUE.0" value="eq1&apos;bX"/>
        <Option Id="DISPLAY_AS_ENUM" value="1"/>
        <Option Id="DISPLAY_HINT" value=""/>
        <Option Id="DISPLAY_RADIX" value="HEX"/>
        <Option Id="DISPLAY_VISIBILITY" value=""/>
        <Option Id="HW_ILA" value="system_i/system_ila_0/inst/ila_lib"/>
        <Option Id="LINK_TO_WAVEFORM" value="1"/>
        <Option Id="MAP" value="probe14[0]"/>
        <Option Id="NAME.CUSTOM" value="slot_0 : ps7_0_axi_periph_M02_AXI : WVALID"/>
        <Option Id="NAME.SELECT" value="Custom"/>
        <Option Id="SOURCE" value="netlist"/>
        <Option Id="TRIGGER_COMPARE_VALUE" value="eq1&apos;bX"/>
        <Option Id="WAVEFORM_STYLE" value="Digital"/>
      </probeOptions>
      <nets>
        <net name="system_i/system_ila_0/inst/net_slot_0_axi_wvalid"/>
      </nets>
    </probe>
    <probe type="ila" busType="bus" source="netlist" spec="ILA_V2_RT">
      <probeOptions Id="DebugProbeParams">
        <Option Id="CAPTURE_COMPARE_VALUE" value="eq2&apos;hX"/>
        <Option Id="COMPARE_VALUE.0" value="eq2&apos;hX"/>
        <Option Id="DISPLAY_AS_ENUM" value="1"/>
        <Option Id="DISPLAY_HINT" value=""/>
        <Option Id="DISPLAY_RADIX" value="HEX"/>
        <Option Id="DISPLAY_VISIBILITY" value=""/>
        <Option Id="HW_ILA" value="u_ila_0"/>
        <Option Id="LINK_TO_WAVEFORM" value="1"/>
        <Option Id="MAP" value="probe2[1:0]"/>
        <Option Id="NAME.CUSTOM" value=""/>
        <Option Id="NAME.SELECT" value="Long"/>
        <Option Id="SOURCE" value="netlist"/>
        <Option Id="TRIGGER_COMPARE_VALUE" value="eq2&apos;hX"/>
        <Option Id="WAVEFORM_STYLE" value="Digital"/>
      </probeOptions>
      <nets>
        <net name="u_ila_0_s00_axi_awaddr[3]"/>
        <net name="u_ila_0_s00_axi_awaddr[2]"/>
      </nets>
    </probe>
    <probe type="ila" busType="bus" source="netlist" spec="ILA_V2_RT">
      <probeOptions Id="DebugProbeParams">
        <Option Id="CAPTURE_COMPARE_VALUE" value="eq2&apos;hX"/>
        <Option Id="COMPARE_VALUE.0" value="eq2&apos;hX"/>
        <Option Id="DISPLAY_AS_ENUM" value="1"/>
        <Option Id="DISPLAY_HINT" value=""/>
        <Option Id="DISPLAY_RADIX" value="HEX"/>
        <Option Id="DISPLAY_VISIBILITY" value=""/>
        <Option Id="HW_ILA" value="u_ila_0"/>
        <Option Id="LINK_TO_WAVEFORM" value="1"/>
        <Option Id="MAP" value="probe0[1:0]"/>
        <Option Id="NAME.CUSTOM" value=""/>
        <Option Id="NAME.SELECT" value="Long"/>
        <Option Id="SOURCE" value="netlist"/>
        <Option Id="TRIGGER_COMPARE_VALUE" value="eq2&apos;hX"/>
        <Option Id="WAVEFORM_STYLE" value="Digital"/>
      </probeOptions>
      <nets>
        <net name="u_ila_0_s00_axi_awaddr[3]_1"/>
        <net name="u_ila_0_s00_axi_awaddr[3]_1"/>
      </nets>
    </probe>
    <probe type="ila" busType="bus" source="netlist" spec="ILA_V2_RT">
      <probeOptions Id="DebugProbeParams">
        <Option Id="CAPTURE_COMPARE_VALUE" value="eq30&apos;hXXXX_XXXX"/>
        <Option Id="COMPARE_VALUE.0" value="eq30&apos;hXXXX_XXXX"/>
        <Option Id="DISPLAY_AS_ENUM" value="1"/>
        <Option Id="DISPLAY_HINT" value=""/>
        <Option Id="DISPLAY_RADIX" value="HEX"/>
        <Option Id="DISPLAY_VISIBILITY" value=""/>
        <Option Id="HW_ILA" value="u_ila_0"/>
        <Option Id="LINK_TO_WAVEFORM" value="1"/>
        <Option Id="MAP" value="probe1[30:1]"/>
        <Option Id="NAME.CUSTOM" value=""/>
        <Option Id="NAME.SELECT" value="Long"/>
        <Option Id="SOURCE" value="netlist"/>
        <Option Id="TRIGGER_COMPARE_VALUE" value="eq30&apos;hXXXX_XXXX"/>
        <Option Id="WAVEFORM_STYLE" value="Digital"/>
      </probeOptions>
      <nets>
        <net name="u_ila_0_s00_axi_wdata[30]"/>
        <net name="u_ila_0_s00_axi_wdata[29]"/>
        <net name="u_ila_0_s00_axi_wdata[28]"/>
        <net name="u_ila_0_s00_axi_wdata[27]"/>
        <net name="u_ila_0_s00_axi_wdata[26]"/>
        <net name="u_ila_0_s00_axi_wdata[25]"/>
        <net name="u_ila_0_s00_axi_wdata[24]"/>
        <net name="u_ila_0_s00_axi_wdata[23]"/>
        <net name="u_ila_0_s00_axi_wdata[22]"/>
        <net name="u_ila_0_s00_axi_wdata[21]"/>
        <net name="u_ila_0_s00_axi_wdata[20]"/>
        <net name="u_ila_0_s00_axi_wdata[19]"/>
        <net name="u_ila_0_s00_axi_wdata[18]"/>
        <net name="u_ila_0_s00_axi_wdata[17]"/>
        <net name="u_ila_0_s00_axi_wdata[16]"/>
        <net name="u_ila_0_s00_axi_wdata[15]"/>
        <net name="u_ila_0_s00_axi_wdata[14]"/>
        <net name="u_ila_0_s00_axi_wdata[13]"/>
        <net name="u_ila_0_s00_axi_wdata[12]"/>
        <net name="u_ila_0_s00_axi_wdata[11]"/>
        <net name="u_ila_0_s00_axi_wdata[10]"/>
        <net name="u_ila_0_s00_axi_wdata[9]"/>
        <net name="u_ila_0_s00_axi_wdata[8]"/>
        <net name="u_ila_0_s00_axi_wdata[7]"/>
        <net name="u_ila_0_s00_axi_wdata[6]"/>
        <net name="u_ila_0_s00_axi_wdata[5]"/>
        <net name="u_ila_0_s00_axi_wdata[4]"/>
        <net name="u_ila_0_s00_axi_wdata[3]"/>
        <net name="u_ila_0_s00_axi_wdata[2]"/>
        <net name="u_ila_0_s00_axi_wdata[1]"/>
      </nets>
    </probe>
    <probe type="ila" busType="bus" source="netlist" spec="ILA_V2_RT">
      <probeOptions Id="DebugProbeParams">
        <Option Id="CAPTURE_COMPARE_VALUE" value="eq4&apos;hX"/>
        <Option Id="COMPARE_VALUE.0" value="eq4&apos;hX"/>
        <Option Id="DISPLAY_AS_ENUM" value="1"/>
        <Option Id="DISPLAY_HINT" value=""/>
        <Option Id="DISPLAY_RADIX" value="HEX"/>
        <Option Id="DISPLAY_VISIBILITY" value=""/>
        <Option Id="HW_ILA" value="u_ila_0"/>
        <Option Id="LINK_TO_WAVEFORM" value="1"/>
        <Option Id="MAP" value="probe3[3:0]"/>
        <Option Id="NAME.CUSTOM" value=""/>
        <Option Id="NAME.SELECT" value="Long"/>
        <Option Id="SOURCE" value="netlist"/>
        <Option Id="TRIGGER_COMPARE_VALUE" value="eq4&apos;hX"/>
        <Option Id="WAVEFORM_STYLE" value="Digital"/>
      </probeOptions>
      <nets>
        <net name="u_ila_0_s00_axi_wstrb[3]"/>
        <net name="u_ila_0_s00_axi_wstrb[2]"/>
        <net name="u_ila_0_s00_axi_wstrb[1]"/>
        <net name="u_ila_0_s00_axi_wstrb[0]"/>
      </nets>
    </probe>
  </probeset>
</hwsession>
